DB00006,CCC(C)C(NC(=O)C(CCC(=O)O)NC(=O)C(CCC(=O)O)NC(=O)C(Cc1ccccc1)NC(=O)C(CC(=O)O)NC(=O)CNC(=O)C(CC(N)=O)NC(=O)CNC(=O)CNC(=O)CNC(=O)CNC(=O)C1CCCN1C(=O)C(CCCNC(=N)N)NC(=O)C1CCCN1C(=O)C(N)Cc1ccccc1)C(=O)N1CCCC1C(=O)NC(CCC(=O)O)C(=O)NC(CCC(=O)O)C(=O)NC(Cc1ccc(O)cc1)C(=O)NC(CC(C)C)C(=O)O
DB00014,CC(C)CC(NC(=O)C(COC(C)(C)C)NC(=O)C(Cc1ccc(O)cc1)NC(=O)C(CO)NC(=O)C(Cc1c[nH]c2ccccc12)NC(=O)C(Cc1cnc[nH]1)NC(=O)C1CCC(=O)N1)C(=O)NC(CCCN=C(N)N)C(=O)N1CCCC1C(=O)NNC(N)=O
DB00035,N=C(N)NCCCC(NC(=O)C1CCCN1C(=O)C1CSSCCC(=O)NC(Cc2ccc(O)cc2)C(=O)NC(Cc2ccccc2)C(=O)NC(CCC(N)=O)C(=O)NC(CC(N)=O)C(=O)N1)C(=O)NCC(N)=O
DB00050,CC(=O)NC(Cc1ccc2ccccc2c1)C(=O)NC(Cc1ccc(Cl)cc1)C(=O)NC(Cc1cccnc1)C(=O)NC(CO)C(=O)NC(Cc1ccc(O)cc1)C(=O)NC(CCCNC(N)=O)C(=O)NC(CC(C)C)C(=O)NC(CCCNC(=N)N)C(=O)N1CCCC1C(=O)NC(C)C(N)=O
DB00091,CC=CCC(C)C(O)C1C(=O)NC(CC)C(=O)N(C)CC(=O)N(C)C(CC(C)C)C(=O)NC(C(C)C)C(=O)N(C)C(CC(C)C)C(=O)NC(C)C(=O)NC(C)C(=O)N(C)C(CC(C)C)C(=O)N(C)C(CC(C)C)C(=O)N(C)C(C(C)C)C(=O)N1C
DB00104,CC(O)C(CO)NC(=O)C1CSSCC(NC(=O)C(N)Cc2ccccc2)C(=O)NC(Cc2ccccc2)C(=O)NC(Cc2c[nH]c3ccccc23)C(=O)NC(CCCCN)C(=O)NC(C(C)O)C(=O)N1
DB00106,CC(=O)NC(Cc1ccc2ccccc2c1)C(=O)NC(Cc1ccc(Cl)cc1)C(=O)NC(Cc1cccnc1)C(=O)NC(CO)C(=O)N(C)C(Cc1ccc(O)cc1)C(=O)NC(CC(N)=O)C(=O)NC(CC(C)C)C(=O)NC(CCCCNC(C)C)C(=O)N1CCCC1C(=O)NC(C)C(N)=O
DB00114,Cc1ncc(COP(=O)(O)O)c(C=O)c1O
DB00115,CC1=C2[N+]3=C(C=C4[N+]5=C(C(C)=C6N7C8C(CC(N)=O)C6(C)CCC(=O)NCC(C)OP(=O)([O-])OC6C(CO)OC(C6O)n6c[n+](c9cc(C)c(C)cc96)[Co-3]753(C#N)[N+]3=C1C(CCC(N)=O)C(C)(CC(N)=O)C83C)C(CCC(N)=O)C4(C)C)C(CCC(N)=O)C2(C)CC(N)=O
DB00117,NC(Cc1cnc[nH]1)C(=O)O
DB00118,C[S+](CCC(N)C(=O)[O-])CC1OC(n2cnc3c(N)ncnc32)C(O)C1O
DB00119,CC(=O)C(=O)O
DB00120,NC(Cc1ccccc1)C(=O)O
DB00121,O=C(O)CCCCC1SCC2NC(=O)NC21
DB00122,C[N+](C)(C)CCO
DB00123,NCCCCC(N)C(=O)O
DB00125,N=C(N)NCCCC(N)C(=O)O
DB00126,O=C1OC(C(O)CO)C(O)=C1O
DB00128,NC(CC(=O)O)C(=O)O
DB00129,NCCCC(N)C(=O)O
DB00130,NC(=O)CCC(N)C(=O)O
DB00131,Nc1ncnc2c1ncn2C1OC(COP(=O)(O)O)C(O)C1O
DB00132,CCC=CCC=CCC=CCCCCCCCC(=O)O
DB00133,NC(CO)C(=O)O
DB00134,CSCCC(N)C(=O)O
DB00135,NC(Cc1ccc(O)cc1)C(=O)O
DB00136,C=C1C(=CC=C2CCCC3(C)C2CCC3C(C)CCCC(C)(C)O)CC(O)CC1O
DB00138,NC(CSSCC(N)C(=O)O)C(=O)O
DB00139,O=C(O)CCC(=O)O
DB00140,Cc1cc2nc3c(=O)[nH]c(=O)nc-3n(CC(O)C(O)C(O)CO)c2cc1C
DB00141,CC(=O)NC(C=O)C(O)C(O)C(O)CO
DB00142,NC(CCC(=O)O)C(=O)O
DB00143,NC(CCC(=O)NC(CS)C(=O)NCC(=O)O)C(=O)O
DB00144,CCCC(=O)OC(COC(=O)CC)COP(=O)(O)OCC(N)C(=O)O
DB00146,C=C1CCC(O)CC1=CC=C1CCCC2(C)C1CCC2C(C)CCCC(C)(C)O
DB00148,CN(CC(=O)O)C(=N)N
DB00149,CC(C)CC(N)C(=O)O
DB00150,NC(Cc1c[nH]c2ccccc12)C(=O)O
DB00151,NC(CS)C(=O)O
DB00152,Cc1ncc(C[n+]2csc(CCO)c2C)c(N)n1
DB00153,C=C1CCC(O)CC1=CC=C1CCCC2(C)C1CCC2C(C)C=CC(C)C(C)C
DB00155,NC(=O)NCCCC(N)C(=O)O
DB00156,CC(O)C(N)C(=O)O
DB00157,NC(=O)C1=CN(C2OC(COP(=O)(O)OP(=O)(O)OCC3OC(n4cnc5c(N)ncnc54)C(O)C3O)C(O)C2O)C=CC1
DB00158,Nc1nc(=O)c2nc(CNc3ccc(C(=O)NC(CCC(=O)O)C(=O)O)cc3)cnc2[nH]1
DB00159,CCC=CCC=CCC=CCC=CCC=CCCCC(=O)O
DB00160,CC(N)C(=O)O
DB00161,CC(C)C(N)C(=O)O
DB00162,CC(C=CC1=C(C)CCCC1(C)C)=CC=CC(C)=CCO
DB00163,Cc1c(C)c2c(c(C)c1O)CCC(C)(CCCC(C)CCCC(C)CCCC(C)C)O2
DB00165,Cc1ncc(CO)c(CO)c1O
DB00166,O=C(O)CCCCC1CCSS1
DB00167,CCC(C)C(N)C(=O)O
DB00169,C=C1CCC(O)CC1=CC=C1CCCC2(C)C1CCC2C(C)CCCC(C)C
DB00170,CC1=CC(=O)c2ccccc2C1=O
DB00172,O=C(O)C1CCCN1
DB00173,Nc1ncnc2nc[nH]c12
DB00174,NC(=O)CC(N)C(=O)O
DB00175,CCC(C)C(=O)OC1CC(O)C=C2C=CC(C)C(CCC(O)CC(O)CC(=O)O)C21
DB00176,COCCCCC(=NOCCN)c1ccc(C(F)(F)F)cc1
DB00177,CCCCC(=O)N(Cc1ccc(-c2ccccc2-c2nn[nH]n2)cc1)C(C(=O)O)C(C)C
DB00178,CCOC(=O)C(CCc1ccccc1)NC(C)C(=O)N1C(C(=O)O)CC2CCCC21
DB00179,CC(Cc1ccc(O)c(O)c1)C(C)Cc1ccc(O)c(O)c1
DB00180,CC1(C)OC2CC3C4CC(F)C5=CC(=O)C=CC5(C)C4C(O)CC3(C)C2(C(=O)CO)O1
DB00181,NCC(CC(=O)O)c1ccc(Cl)cc1
DB00182,CC(N)Cc1ccccc1
DB00183,CSCCC(NC(=O)C(Cc1c[nH]c2ccccc12)NC(=O)CCNC(=O)OC(C)(C)C)C(=O)NC(CC(=O)O)C(=O)NC(Cc1ccccc1)C(N)=O
DB00184,CN1CCCC1c1cccnc1
DB00185,CC1OC2(CS1)CN1CCC2CC1
DB00186,O=C1Nc2ccc(Cl)cc2C(c2ccccc2Cl)=NC1O
DB00187,COC(=O)CCc1ccc(OCC(O)CNC(C)C)cc1
DB00188,CC(C)CC(NC(=O)C(Cc1ccccc1)NC(=O)c1cnccn1)B(O)O
DB00189,C#CC(O)(C=CCl)CC
DB00190,CC(Cc1ccc(O)c(O)c1)(NN)C(=O)O
DB00191,CC(C)(N)Cc1ccccc1
DB00192,CC(C)NCCCC1(C(N)=O)c2ccccc2-c2ccccc21
DB00193,COc1cccc(C2(O)CCCCC2CN(C)C)c1
DB00195,CC(C)NCC(O)COc1ccc(CCOCC2CC2)cc1
DB00198,CCOC(=O)C1=CC(OC(CC)CC)C(NC(C)=O)C(N)C1
DB00199,CCC1OC(=O)C(C)C(OC2CC(C)(OC)C(O)C(C)O2)C(C)C(OC2OC(C)CC(N(C)C)C2O)C(C)(O)CC(C)C(=O)C(C)C(O)C1(C)O
DB00200,CC1=C2[N+]3=C(C=C4[N+]5=C(C(C)=C6N7C8C(CC(N)=O)C6(C)CCC(=O)NCC(C)OP(=O)([O-])OC6C(CO)OC(C6O)n6c[n+](c9cc(C)c(C)cc96)[Co-3]753(O)[N+]3=C1C(CCC(N)=O)C(C)(CC(N)=O)C83C)C(CCC(N)=O)C4(C)C)C(CCC(N)=O)C2(C)CC(N)=O
DB00201,Cn1c(=O)c2c(ncn2C)n(C)c1=O
DB00202,C[N+](C)(C)CCOC(=O)CCC(=O)OCC[N+](C)(C)C
DB00203,CCCc1nn(C)c2c(=O)nc(-c3cc(S(=O)(=O)N4CCN(C)CC4)ccc3OCC)[nH]c12
DB00204,CN(CCOc1ccc(NS(C)(=O)=O)cc1)CCc1ccc(NS(C)(=O)=O)cc1
DB00205,CCc1nc(N)nc(N)c1-c1ccc(Cl)cc1
DB00206,COC(=O)C1C2CC3c4[nH]c5cc(OC)ccc5c4CCN3CC2CC(OC(=O)c2cc(OC)c(OC)c(OC)c2)C1OC
DB00207,CCC1OC(=O)C(C)C(OC2CC(C)(OC)C(O)C(C)O2)C(C)C(OC2OC(C)CC(N(C)C)C2O)C(C)(O)CC(C)CN(C)C(C)C(O)C1(C)O
DB00208,Clc1ccccc1CN1CCc2sccc2C1
DB00209,O=C(OC1CC2CCC(C1)[N+]21CCCC1)C(O)(c1ccccc1)c1ccccc1
DB00210,COc1ccc(-c2ccc3cc(C(=O)O)ccc3c2)cc1C12CC3CC(CC(C3)C1)C2
DB00211,COc1ccc(OC)c(C(O)CNC(=O)CN)c1
DB00213,COc1ccnc(C[S+]([O-])c2nc3ccc(OC(F)F)cc3[nH]2)c1OC
DB00214,Cc1cccc(Nc2ccncc2S(=O)(=O)NC(=O)NC(C)C)c1
DB00215,CN(C)CCCC1(c2ccc(F)cc2)OCc2cc(C#N)ccc21
DB00216,CN1CCCC1Cc1c[nH]c2ccc(CCS(=O)(=O)c3ccccc3)cc12
DB00217,CN=C(NC)NCc1ccccc1
DB00218,COc1c(N2CC3CCCNC3C2)c(F)cc2c(=O)c(C(=O)O)cn(C3CC3)c12
DB00219,CC[N+](C)(CC)CCOC(=O)C(O)(c1ccccc1)C1CCCCC1
DB00221,CCC(NC(C)C)C(O)c1ccc(O)c(O)c1
DB00222,CCC1=C(C)CN(C(O)=NCCc2ccc(S(=O)(=O)NC(O)=NC3CCC(C)CC3)cc2)C1=O
DB00223,CC1CC2C3CC(F)C4=CC(=O)C=CC4(C)C3(F)C(O)CC2(C)C1(O)C(=O)CO
DB00226,NC(N)=NCC1COC2(CCCCC2)O1
DB00227,CCC(C)C(=O)OC1CC(C)C=C2C=CC(C)C(CCC3CC(O)CC(=O)O3)C21
DB00228,FC(F)OC(F)(F)C(F)Cl
DB00230,CC(C)CC(CN)CC(=O)O
DB00231,CN1C(=O)C(O)N=C(c2ccccc2)c2cc(Cl)ccc21
DB00232,CN1C(CCl)Nc2cc(Cl)c(S(N)(=O)=O)cc2S1(=O)=O
DB00233,Nc1ccc(C(=O)O)c(O)c1
DB00234,CCOc1ccccc1OC(c1ccccc1)C1CNCCO1
DB00235,Cc1[nH]c(=O)c(C#N)cc1-c1ccncc1
DB00237,CCC(C)C1(CC)C(=O)NC(=O)NC1=O
DB00239,Clc1ccc(CON=C(Cn2ccnc2)c2ccc(Cl)cc2Cl)c(Cl)c1
DB00240,CC1CC2C3C(Cl)CC4=CC(=O)C=CC4(C)C3C(O)CC2(C)C1(O)C(=O)CO
DB00241,C=CCC1(CC(C)C)C(=O)NC(=O)NC1=O
DB00242,Nc1nc(Cl)nc2c1ncn2C1CC(O)C(CO)O1
DB00243,COc1ccccc1OCC(O)CN1CCN(CC(=O)Nc2c(C)cccc2C)CC1
DB00244,Nc1ccc(O)c(C(=O)O)c1
DB00245,CN1C2CCC1CC(OC(c1ccccc1)c1ccccc1)C2
DB00246,O=C1Cc2cc(CCN3CCN(c4nsc5ccccc45)CC3)c(Cl)cc2N1
DB00247,CCC(CO)NC(=O)C1C=C2c3cccc4c3c(cn4C)CC2N(C)C1
DB00248,C=CCN1CC(C(=O)N(CCCN(C)C)C(=O)NCC)CC2c3cccc4[nH]cc(c34)CC21
DB00252,O=C1NC(=O)C(c2ccccc2)(c2ccccc2)N1
DB00253,CC(=O)C1CCC2C3CC(C)C4=CC(=O)CCC4(C)C3C(O)CC12C
DB00255,CCC(=C(CC)c1ccc(O)cc1)c1ccc(O)cc1
DB00257,Clc1ccccc1C(c1ccccc1)(c1ccccc1)n1ccnc1
DB00261,O=C1CN2Cc3c(ccc(Cl)c3Cl)N=C2N1
DB00262,O=NN(CCCl)C(=O)NCCCl
DB00264,COCCc1ccc(OCC(O)CNC(C)C)cc1
DB00266,O=c1oc2ccccc2c(O)c1Cc1c(O)c2ccccc2oc1=O
DB00268,CCCN(CCC)CCc1cccc2c1CC(=O)N2
DB00270,COC(=O)C1=C(C)NC(C)=C(C(=O)OC(C)C)C1c1cccc2nonc12
DB00272,NCCc1ccn[nH]1
DB00273,CC1(C)OC2COC3(COS(N)(=O)=O)OC(C)(C)OC3C2O1
DB00275,CCCc1nc(C(C)(C)O)c(C(=O)O)n1Cc1ccc(-c2ccccc2-c2nnn[nH]2)cc1
DB00276,COc1cc(NS(C)(=O)=O)ccc1Nc1c2ccccc2nc2ccccc12
DB00277,Cn1c(=O)c2[nH]cnc2n(C)c1=O
DB00278,CC1CNc2c(cccc2S(=O)(=O)NC(CCCNC(=N)N)C(=O)N2CCC(C)CC2C(=O)O)C1
DB00279,NC(Cc1cc(I)c(Oc2ccc(O)c(I)c2)c(I)c1)C(=O)O
DB00280,CC(C)N(CCC(C(N)=O)(c1ccccc1)c1ccccn1)C(C)C
DB00281,CCN(CC)CC(=O)Nc1c(C)cccc1C
DB00282,NCCC(O)(P(=O)(O)O)P(=O)(O)O
DB00283,CN1CCCC1CCOC(C)(c1ccccc1)c1ccc(Cl)cc1
DB00284,CC1OC(OC2C(CO)OC(OC(C(O)CO)C(O)C(O)C=O)C(O)C2O)C(O)C(O)C1NC1C=C(CO)C(O)C(O)C1O
DB00285,COc1ccc(C(CN(C)C)C2(O)CCCCC2)cc1
DB00287,CC(C)OC(=O)CCCC=CCC1C(O)CC(O)C1C=CC(O)COc1cccc(C(F)(F)F)c1
DB00288,CC(=O)OCC(=O)C12OC3(CCCC3)OC1CC1C3CCC4=CC(=O)C=CC4(C)C3(F)C(O)CC12C
DB00289,CNCCC(Oc1ccccc1C)c1ccccc1
DB00290,Cc1c(N)nc(C(CC(N)=O)NCC(N)C(N)=O)nc1C(=O)NC(C(=O)NC(C)C(O)C(C)C(=O)NC(C(=O)NCCc1nc(-c2nc(C(=O)NCCC[S+](C)C)cs2)cs1)C(C)O)C(OC1OC(CO)C(O)C(O)C1OC1OC(CO)C(O)C(OC(N)=O)C1O)c1cnc[nH]1
DB00292,CCOC(=O)c1cncn1C(C)c1ccccc1
DB00293,Cc1nc(=O)c2cc(CN(C)c3ccc(C(=O)NC(CCC(=O)O)C(=O)O)s3)ccc2[nH]1
DB00294,C#CC1(O)CCC2C3CCC4=CC(=O)CCC4C3C(=C)CC21CC
DB00295,CN1CCC23c4c5ccc(O)c4OC2C(O)C=CC3C1C5
DB00296,CCCN1CCCCC1C(=O)Nc1c(C)cccc1C
DB00297,CCCCN1CCCCC1C(=O)Nc1c(C)cccc1C
DB00298,Cc1ccccc1N1CCN(CCc2nnc3n2CCCC3)CC1
DB00302,NCC1CCC(C(=O)O)CC1
DB00304,C#CC1(O)CCC2C3CCC4=CCCCC4C3C(=C)CC21CC
DB00306,C=CCC1(C(C)CC)C(=O)NC(=O)NC1=O
DB00307,C=C(c1ccc(C(=O)O)cc1)c1cc2c(cc1C)C(C)(C)CCC2(C)C
DB00308,CCCCCCCN(CC)CCCC(O)c1ccc(NS(C)(=O)=O)cc1
DB00309,CCC1(O)CC2CN(CCc3c([nH]c4ccccc34)C(C(=O)OC)(c3cc4c(cc3OC)N(C)C3C(O)(C(N)=O)C(O)C5(CC)C=CCN6CCC43C65)C2)C1
DB00310,NS(=O)(=O)c1cc(C2(O)NC(=O)c3ccccc32)ccc1Cl
DB00312,CCCC(C)C1(CC)C(=O)NC(=O)NC1=O
DB00313,CCCC(CCC)C(=O)O
DB00315,CN(C)CCc1c[nH]c2ccc(CC3COC(=O)N3)cc12
DB00316,CC(=O)Nc1ccc(O)cc1
DB00317,COc1cc2ncnc(Nc3ccc(F)c(Cl)c3)c2cc1OCCCN1CCOCC1
DB00318,COc1ccc2c3c1OC1C(O)C=CC4C(C2)N(C)CCC341
DB00320,CN1CC(C(=O)NC2(C)OC3(O)C4CCCN4C(=O)C(Cc4ccccc4)N3C2=O)CC2c3cccc4[nH]cc(c34)CC21
DB00321,CN(C)CCC=C1c2ccccc2CCc2ccccc21
DB00322,O=c1[nH]c(=O)n(C2CC(O)C(CO)O2)cc1F
DB00323,Cc1ccc(C(=O)c2cc(O)c(O)c([N+](=O)[O-])c2)cc1
DB00324,CC(=O)C1(O)CCC2C3CC(C)C4=CC(=O)C=CC4(C)C3(F)C(O)CC21C
DB00325,N#C[Fe-2](C#N)(C#N)(C#N)(C#N)N=O
DB00327,CN1CCC23c4c5ccc(O)c4OC2C(=O)CCC3C1C5
DB00328,COc1ccc2c(c1)c(CC(=O)O)c(C)n2C(=O)c1ccc(Cl)cc1
DB00331,CN(C)C(=N)NC(=N)N
DB00332,CC(C)[N+]1(C)C2CCC1CC(OC(=O)C(CO)c1ccccc1)C2
DB00333,CCC(=O)C(CC(C)N(C)C)(c1ccccc1)c1ccccc1
DB00334,Cc1cc2c(s1)Nc1ccccc1N=C2N1CCN(C)CC1
DB00335,CC(C)NCC(O)COc1ccc(CC(N)=O)cc1
DB00337,CCC1C=C(C)CC(C)CC(OC)C2OC(O)(C(=O)C(=O)N3CCCCC3C(=O)OC(C(C)=CC3CCC(Cl)C(OC)C3)C(C)C(O)CC1=O)C(C)CC2OC
DB00338,COc1ccc2nc([S+]([O-])Cc3ncc(C)c(OC)c3C)[nH]c2c1
DB00340,CN1CCCC(CC2c3ccccc3Sc3ccccc32)C1
DB00341,O=C(O)COCCN1CCN(C(c2ccccc2)c2ccc(Cl)cc2)CC1
DB00342,CC(C)(C)c1ccc(C(O)CCCN2CCC(C(O)(c3ccccc3)c3ccccc3)CC2)cc1
DB00343,COc1ccc(C2Sc3ccccc3N(CCN(C)C)C(=O)C2OC(C)=O)cc1
DB00344,CNCCCC1c2ccccc2C=Cc2ccccc21
DB00346,COc1cc2nc(N(C)CCCNC(=O)C3CCCO3)nc(N)c2cc1OC
DB00347,CN1C(=O)OC(C)(C)C1=O
DB00348,O=C1CCCC(=O)C1C(=O)c1ccc(C(F)(F)F)cc1[N+](=O)[O-]
DB00349,CN1C(=O)CC(=O)N(c2ccccc2)c2cc(Cl)ccc21
DB00350,Nc1cc(N2CCCCC2)nc(N)[n+]1[O-]
DB00351,CC(=O)OC1(C(C)=O)CCC2C3C=C(C)C4=CC(=O)CCC4(C)C3CCC21C
DB00353,CCC(CO)NC(=O)C1C=C2c3cccc4[nH]cc(c34)CC2N(C)C1
DB00354,CC(C)(C)c1ccc(CN2CCN(C(c3ccccc3)c3ccc(Cl)cc3)CC2)cc1
DB00356,O=c1[nH]c2cc(Cl)ccc2o1
DB00357,CCC1(c2ccc(N)cc2)CCC(=O)NC1=O
DB00358,OC(c1cc(C(F)(F)F)nc2c(C(F)(F)F)cccc12)C1CCCCN1
DB00360,CC(O)C(O)C1CNc2nc(N)[nH]c(=O)c2N1
DB00361,CCC1=CC2CN(C1)Cc1c([nH]c3ccccc13)C(C(=O)OC)(c1cc3c(cc1OC)N(C)C1C(O)(C(=O)OC)C(OC(C)=O)C4(CC)C=CCN5CCC31C54)C2
DB00363,CN1CCN(C2=Nc3cc(Cl)ccc3Nc3ccccc32)CC1
DB00364,O=S(=O)(OCC1OC(OC2(COS(=O)(=O)O[Al](O)O)OC(OS(=O)(=O)O[Al](O)O)C(OS(=O)(=O)O[Al](O)O)C2OS(=O)(=O)O[Al](O)O)C(OS(=O)(=O)O[Al](O)O)C(OS(=O)(=O)O[Al](O)O)C1OS(=O)(=O)O[Al](O)O)O[Al](O)O
DB00366,CN(C)CCOC(C)(c1ccccc1)c1ccccn1
DB00367,C#CC1(O)CCC2C3CCC4=CC(=O)CCC4C3CCC21CC
DB00368,NCC(O)c1ccc(O)c(O)c1
DB00370,CN1CCN2c3ncccc3Cc3ccccc3C2C1
DB00371,CCCC(C)(COC(N)=O)COC(N)=O
DB00372,CCSc1ccc2c(c1)N(CCCN1CCN(C)CC1)c1ccccc1S2
DB00373,CC(C)(C)NCC(O)COc1nsnc1N1CCOCC1
DB00374,CCCCCC(O)CCC1C(O)CC2Cc3c(cccc3OCC(=O)O)CC21
DB00376,OC(CCN1CCCCC1)(c1ccccc1)C1CCCCC1
DB00377,O=C1c2cccc3c2C(CCC3)CN1C1CN2CCC1CC2
DB00378,CC(=O)C1CCC2C3C=CC4=CC(=O)CCC4(C)C3CCC12C
DB00379,Cc1cccc(C)c1OCC(C)N
DB00380,CC(CN1CC(=O)NC(=O)C1)N1CC(=O)NC(=O)C1
DB00381,CCOC(=O)C1=C(COCCN)NC(C)=C(C(=O)OC)C1c1ccccc1Cl
DB00382,Nc1c2c(nc3ccccc13)CCCC2
DB00383,CN1CCCN=C1COC(=O)C(O)(c1ccccc1)C1CCCCC1
DB00384,Nc1nc(N)c2nc(-c3ccccc3)c(N)nc2n1
DB00385,CCCCC(=O)OCC(=O)C1(O)Cc2c(O)c3c(c(O)c2C(OC2CC(NC(=O)C(F)(F)F)C(O)C(C)O2)C1)C(=O)c1c(OC)cccc1C3=O
DB00387,OC(CCN1CCCC1)(c1ccccc1)C1CCCCC1
DB00388,CNCC(O)c1cccc(O)c1
DB00389,CCOC(=O)n1ccn(C)c1=S
DB00390,CC1OC(OC2C(O)CC(OC3C(O)CC(OC4CCC5(C)C(CCC6C5CC(O)C5(C)C(C7=CC(=O)OC7)CCC65O)C4)OC3C)OC2C)CC(O)C1O
DB00391,CCN1CCCC1CNC(=O)c1cc(S(N)(=O)=O)ccc1OC
DB00392,CCN(CC)C(C)CN1c2ccccc2Sc2ccccc21
DB00393,COCCOC(=O)C1=C(C)NC(C)=C(C(=O)OC(C)C)C1c1cccc([N+](=O)[O-])c1
DB00394,CCC(=O)OCC(=O)C1(OC(=O)CC)C(C)CC2C3CCC4=CC(=O)C=CC4(C)C3(Cl)C(O)CC21C
DB00395,CCCC(C)(COC(N)=O)COC(=O)NC(C)C
DB00396,CC(=O)C1CCC2C3CCC4=CC(=O)CCC4(C)C3CCC12C
DB00397,CC(N)C(O)c1ccccc1
DB00398,CNC(=O)c1cc(Oc2ccc(NC(=O)Nc3ccc(Cl)c(C(F)(F)F)c3)cc2)ccn1
DB00399,O=P(O)(O)C(O)(Cn1ccnc1)P(=O)(O)O
DB00400,COC1=CC(=O)CC(C)C12Oc1c(Cl)c(OC)cc(OC)c1C2=O
DB00401,COC(=O)C1=C(C)NC(C)=C(C(=O)OCC(C)C)C1c1ccccc1[N+](=O)[O-]
DB00402,CN1CCN(C(=O)OC2c3nccnc3C(=O)N2c2ccc(Cl)cn2)CC1
DB00403,CSCCC(NC(=O)C(Cc1c[nH]c2ccccc12)NC(=O)CNC(=O)C(NC(=O)C(Cc1ccc(OS(=O)(=O)O)cc1)NC(=O)C(CC(=O)O)NC(=O)C(CCC(N)=O)NC(=O)C1CCC(=O)N1)C(C)O)C(=O)NC(CC(=O)O)C(=O)NC(Cc1ccccc1)C(N)=O
DB00404,Cc1nnc2n1-c1ccc(Cl)cc1C(c1ccccc1)=NC2
DB00405,CN(C)CCC(c1ccc(Br)cc1)c1ccccn1
DB00408,CN1CCN(C2=Nc3ccccc3Oc3ccc(Cl)cc32)CC1
DB00409,CCN1CCCC1CNC(=O)c1c(OC)ccc(Br)c1OC
DB00411,C[N+](C)(C)CCOC(N)=O
DB00412,CN(CCOc1ccc(CC2SC(=O)NC2=O)cc1)c1ccccn1
DB00413,CCCNC1CCc2nc(N)sc2C1
DB00414,CC(=O)c1ccc(S(=O)(=O)NC(=O)NC2CCCCC2)cc1
DB00415,CC1(C)SC2C(NC(=O)C(N)c3ccccc3)C(=O)N2C1C(=O)O
DB00416,COc1ccc2cc1Oc1cc3c(cc1OC)CC[N+](C)(C)C3Cc1ccc(cc1)Oc1c(OC)c(OC)cc3c1C(C2)[N+](C)(C)CC3
DB00417,CC1(C)SC2C(NC(=O)COc3ccccc3)C(=O)N2C1C(=O)O
DB00418,C=CCC1(C(C)CCC)C(=O)NC(=O)NC1=O
DB00419,CCCCN1CC(O)C(O)C(O)C1CO
DB00420,CN(C)CCCN1c2ccccc2Sc2ccccc21
DB00421,CC(=O)SC1CC2=CC(=O)CCC2(C)C2CCC3(C)C(CCC34CCC(=O)O4)C12
DB00422,COC(=O)C(c1ccccc1)C1CCCCN1
DB00423,COc1ccccc1OCC(O)COC(N)=O
DB00424,CN1C2CCC1CC(OC(=O)C(CO)c1ccccc1)C2
DB00425,Cc1ccc(-c2nc3ccc(C)cn3c2CC(=O)N(C)C)cc1
DB00427,Cc1ccc(C(=CCN2CCCC2)c2ccccn2)cc1
DB00428,CN(N=O)C(=O)NC1C(O)OC(CO)C(O)C1O
DB00429,CCCCCC(C)(O)C=CC1C(O)CC(O)C1CC=CCCCC(=O)O
DB00431,ClC1C(Cl)C(Cl)C(Cl)C(Cl)C1Cl
DB00432,O=c1[nH]c(=O)n(C2CC(O)C(CO)O2)cc1C(F)(F)F
DB00433,CN1CCN(CCCN2c3ccccc3Sc3ccc(Cl)cc32)CC1
DB00434,CN1CCC(=C2c3ccccc3C=Cc3ccccc32)CC1
DB00436,NS(=O)(=O)c1cc2c(cc1C(F)(F)F)NC(Cc1ccccc1)NS2(=O)=O
DB00437,O=c1ncnc2[nH][nH]cc1-2
DB00439,COCc1c(C(C)C)nc(C(C)C)c(C=CC(O)CC(O)CC(=O)O)c1-c1ccc(F)cc1
DB00440,COc1cc(Cc2cnc(N)nc2N)cc(OC)c1OC
DB00441,Nc1ccn(C2OC(CO)C(O)C2(F)F)c(=O)n1
DB00443,CC1CC2C3CCC4=CC(=O)C=CC4(C)C3(F)C(O)CC2(C)C1(O)C(=O)CO
DB00444,COc1cc(C2c3cc4c(cc3C(OC3OC5COC(c6cccs6)OC5C(O)C3O)C3COC(=O)C23)OCO4)cc(OC)c1O
DB00445,COc1cccc2c1C(=O)c1c(O)c3c(c(O)c1C2=O)CC(O)(C(=O)CO)CC3OC1CC(N)C(O)C(C)O1
DB00446,O=C(NC(CO)C(O)c1ccc([N+](=O)[O-])cc1)C(Cl)Cl
DB00448,Cc1c(OCC(F)(F)F)ccnc1C[S+]([O-])c1nc2ccccc2[nH]1
DB00449,CNCC(O)c1ccc(OC(=O)C(C)(C)C)c(OC(=O)C(C)(C)C)c1
DB00450,O=C(CCCN1CC=C(n2c(=O)[nH]c3ccccc32)CC1)c1ccc(F)cc1
DB00451,NC(Cc1cc(I)c(Oc2cc(I)c(O)c(I)c2)c(I)c1)C(=O)O
DB00452,NCC1OC(OC2C(CO)OC(OC3C(O)C(N)CC(N)C3OC3OC(CN)C(O)C(O)C3N)C2O)C(N)C(O)C1O
DB00454,CCOC(=O)C1(c2ccccc2)CCN(C)CC1
DB00455,CCOC(=O)N1CCC(=C2c3ccc(Cl)cc3CCc3cccnc32)CC1
DB00457,COc1cc2nc(N3CCN(C(=O)c4ccco4)CC3)nc(N)c2cc1OC
DB00458,CN(C)CCCN1c2ccccc2CCc2ccccc21
DB00459,COc1cc(C)c(C=CC(C)=CC=CC(C)=CC(=O)O)c(C)c1C
DB00461,COc1ccc2cc(CCC(C)=O)ccc2c1
DB00462,C[N+]1(C)C2CC(OC(=O)C(CO)c3ccccc3)CC1C1OC12
DB00464,CCCCC(CC)CCC(CC(C)C)OS(=O)(=O)O
DB00465,O=C(c1ccccc1)c1ccc2n1CCC2C(=O)O
DB00467,CCn1cc(C(=O)O)c(=O)c2cc(F)c(N3CCNCC3)nc21
DB00468,C=CC1CN2CCC1CC2C(O)c1ccnc2ccc(OC)cc12
DB00469,CN1C(C(=O)Nc2ccccn2)=C(O)c2sccc2S1(=O)=O
DB00470,CCCCCc1cc(O)c2c(c1)OC(C)(C)C1CCC(C)=CC21
DB00471,CC(C)(O)c1ccccc1CCC(SCC1(CC(=O)O)CC1)c1cccc(C=Cc2ccc3ccc(Cl)cc3n2)c1
DB00472,CNCCC(Oc1ccc(C(F)(F)F)cc1)c1ccccc1
DB00473,CC(CNC1CCCCC1)OC(=O)c1ccccc1
DB00474,C=CCC1(C(C)C#CCC)C(=O)NC(=O)N(C)C1=O
DB00475,CNC1=Nc2ccc(Cl)cc2C(c2ccccc2)=[N+]([O-])C1
DB00476,CNCCC(Oc1cccc2ccccc12)c1cccs1
DB00477,CN(C)CCCN1c2ccccc2Sc2ccc(Cl)cc21
DB00480,Nc1cccc2c1CN(C1CCC(=O)NC1=O)C2=O
DB00481,O=C(c1ccc(OCCN2CCCCC2)cc1)c1c(-c2ccc(O)cc2)sc2cc(O)ccc12
DB00482,Cc1ccc(-c2cc(C(F)(F)F)nn2-c2ccc(S(N)(=O)=O)cc2)cc1
DB00483,CC[N+](CC)(CC)CCOc1cccc(OCC[N+](CC)(CC)CC)c1OCC[N+](CC)(CC)CC
DB00484,Brc1c(NC2=NCCN2)ccc2nccnc12
DB00486,CCCCCCC(C)(C)c1cc(O)c2c(c1)OC(C)(C)C1CCC(=O)CC21
DB00487,CCn1cc(C(=O)O)c(=O)c2cc(F)c(N3CCN(C)CC3)cc21
DB00489,CC(C)NCC(O)c1ccc(NS(C)(=O)=O)cc1
DB00490,O=C1CC2(CCCC2)CC(=O)N1CCCCN1CCN(c2ncccn2)CC1
DB00491,OCCN1CC(O)C(O)C(O)C1CO
DB00492,CCC(=O)OC(OP(=O)(CCCCc1ccccc1)CC(=O)N1CC(C2CCCCC2)CC1C(=O)O)C(C)C
DB00493,CON=C(C(=O)NC1C(=O)N2C(C(=O)O)=C(COC(C)=O)CSC12)c1csc(N)n1
DB00494,CCN(CC)C(=O)C(C#N)=Cc1cc(O)c(O)c([N+](=O)[O-])c1
DB00495,Cc1cn(C2CC(N=[N+]=[N-])C(CO)O2)c(=O)[nH]c1=O
DB00496,NC(=O)C(c1ccccc1)(c1ccccc1)C1CCN(CCc2ccc3c(c2)CCO3)C1
DB00497,COc1ccc2c3c1OC1C(=O)CCC4(O)C(C2)N(C)CCC314
DB00498,O=C1c2ccccc2C(=O)C1c1ccccc1
DB00499,CC(C)C(=O)Nc1ccc([N+](=O)[O-])c(C(F)(F)F)c1
DB00500,Cc1ccc(C(=O)c2ccc(CC(=O)O)n2C)cc1
DB00501,CNC(=NC#N)NCCSCc1nc[nH]c1C
DB00502,O=C(CCCN1CCC(O)(c2ccc(Cl)cc2)CC1)c1ccc(F)cc1
DB00503,CC(C)c1nc(CN(C)C(=O)NC(C(=O)NC(Cc2ccccc2)CC(O)C(Cc2ccccc2)NC(=O)OCc2cncs2)C(C)C)cs1
DB00504,C=CCN1CCC23CCCCC2C1Cc1ccc(O)cc13
DB00508,CN(C)CCCN1c2ccccc2Sc2ccc(C(F)(F)F)cc21
DB00509,NC(Cc1cc(I)c(Oc2cc(I)c(O)c(I)c2)c(I)c1)C(=O)O
DB00511,CC(=O)OC1CC(OC2C(O)CC(OC3C(O)CC(OC4CCC5(C)C(CCC6C5CCC5(C)C(C7=CC(=O)OC7)CCC65O)C4)OC3C)OC2C)OC(C)C1O
DB00513,NCCCCCC(=O)O
DB00514,COc1ccc2c(c1)C13CCCCC1C(C2)N(C)CC3
DB00517,CCCC(CCC)C(=O)OC1CC2CCC(C1)[N+]2(C)C
DB00518,CCCSc1ccc2nc(NC(=O)OC)[nH]c2c1
DB00519,CCOC(=O)C(CCc1ccccc1)NC(C)C(=O)N1C(C(=O)O)CC2CCCCC21
DB00521,CC(C)(C)NCC(O)COc1cccc2c1CCC(=O)N2
DB00523,CC(C=CC1=C(C)CCCC1(C)C)=CC=CC(C)=CC(=O)O
DB00524,Cc1ccccc1N1C(=O)c2cc(S(N)(=O)=O)c(Cl)cc2NC1C
DB00527,CCCCOc1cc(C(=O)NCCN(CC)CC)c2ccccc2n1
DB00528,COC(=O)C1=C(C)NC(C)=C(C(=O)OC(C)(C)CN(C)CCC(c2ccccc2)c2ccccc2)C1c1cccc([N+](=O)[O-])c1
DB00530,C#Cc1cccc(Nc2ncnc3cc(OCCOC)c(OCCOC)cc23)c1
DB00531,O=P1(N(CCCl)CCCl)NCCCO1
DB00532,CCC1(c2ccccc2)NC(=O)N(C)C1=O
DB00533,CS(=O)(=O)c1ccc(C2=C(c3ccccc3)C(=O)OC2)cc1
DB00534,COC(CNC(N)=O)C[Hg]Cl
DB00535,C=CC1=C(C(=O)O)N2C(=O)C(NC(=O)C(=NO)c3csc(N)n3)C2SC1
DB00537,O=C(O)c1cn(C2CC2)c2cc(N3CCNCC3)c(F)cc2c1=O
DB00539,CN(C)CCOc1ccc(C(=C(CCCl)c2ccccc2)c2ccccc2)cc1
DB00540,CNCCC=C1c2ccccc2CCc2ccccc21
DB00541,CCC1(O)CC2CN(CCc3c([nH]c4ccccc34)C(C(=O)OC)(c3cc4c(cc3OC)N(C=O)C3C(O)(C(=O)OC)C(OC(C)=O)C5(CC)C=CCN6CCC43C65)C2)C1
DB00542,CCOC(=O)C(CCc1ccccc1)NC1CCc2ccccc2N(CC(=O)O)C1=O
DB00543,Clc1ccc2c(c1)C(N1CCNCC1)=Nc1ccccc1O2
DB00544,O=c1[nH]cc(F)c(=O)[nH]1
DB00545,CN(C)C(=O)Oc1ccc[n+](C)c1
DB00547,CC1CC2C3CCC4=CC(=O)C=CC4(C)C3(F)C(O)CC2(C)C1C(=O)CO
DB00548,O=C(O)CCCCCCCC(=O)O
DB00549,COc1cc(C(=O)NS(=O)(=O)c2ccccc2C)ccc1Cc1cn(C)c2ccc(NC(=O)OC3CCCC3)cc12
DB00550,CCCc1cc(=O)[nH]c(=S)[nH]1
DB00552,OCC1OC(n2cnc3c2N=CNCC3O)CC1O
DB00554,CN1C(C(=O)Nc2ccccn2)=C(O)c2ccccc2S1(=O)=O
DB00555,Nc1nnc(-c2cccc(Cl)c2Cl)c(N)n1
DB00557,OCCOCCN1CCN(C(c2ccccc2)c2ccc(Cl)cc2)CC1
DB00558,CC(=O)NC1C(N=C(N)N)C=C(C(=O)O)OC1C(O)C(O)CO
DB00559,COc1ccccc1Oc1c(NS(=O)(=O)c2ccc(C(C)(C)C)cc2)nc(-c2ncccn2)nc1OCCO
DB00561,CCN1CC(CCN2CCOCC2)C(c2ccccc2)(c2ccccc2)C1=O
DB00562,NS(=O)(=O)c1cc2c(cc1Cl)N=C(CSCc1ccccc1)NS2(=O)=O
DB00563,CN(Cc1cnc2nc(N)nc(N)c2n1)c1ccc(C(=O)NC(CCC(=O)O)C(=O)O)cc1
DB00564,NC(=O)N1c2ccccc2C=Cc2ccccc21
DB00565,COc1ccc(CC2c3cc(OC)c(OC)cc3CC[N+]2(C)CCC(=O)OCCCCCOC(=O)CC[N+]2(C)CCc3cc(OC)c(OC)cc3C2Cc2ccc(OC)c(OC)c2)cc1OC
DB00568,C(=Cc1ccccc1)CN1CCN(C(c2ccccc2)c2ccccc2)CC1
DB00569,COC1OC(COS(=O)(=O)O)C(OC2OC(C(=O)O)C(OC3OC(COS(=O)(=O)O)C(OC4OC(C(=O)O)C(OC5OC(COS(=O)(=O)O)C(O)C(O)C5NS(=O)(=O)O)C(O)C4O)C(OS(=O)(=O)O)C3NS(=O)(=O)O)C(O)C2OS(=O)(=O)O)C(O)C1NS(=O)(=O)O
DB00570,CCC1(O)CC2CN(CCc3c([nH]c4ccccc34)C(C(=O)OC)(c3cc4c(cc3OC)N(C)C3C(O)(C(=O)OC)C(OC(C)=O)C5(CC)C=CCN6CCC43C65)C2)C1
DB00571,CC(C)NCC(O)COc1cccc2ccccc12
DB00572,CN1C2CCC1CC(OC(=O)C(CO)c1ccccc1)C2
DB00573,CC(C(=O)O)c1cccc(Oc2ccccc2)c1
DB00574,CCNC(C)Cc1cccc(C(F)(F)F)c1
DB00575,Clc1cccc(Cl)c1NC1=NCCN1
DB00579,OC1(c2ccc(Cl)cc2)c2ccccc2C2=NCCN21
DB00580,Cc1onc(-c2ccccc2)c1-c1ccc(S(N)(=O)=O)cc1
DB00583,C[N+](C)(C)CC(O)CC(=O)[O-]
DB00584,CCOC(=O)C(CCc1ccccc1)NC(C)C(=O)N1CCCC1C(=O)O
DB00585,CNC(=C[N+](=O)[O-])NCCSCc1csc(CN(C)C)n1
DB00586,O=C(O)Cc1ccccc1Nc1c(Cl)cccc1Cl
DB00588,CCC(=O)OC1(C(=O)SCF)C(C)CC2C3CC(F)C4=CC(=O)C=CC4(C)C3(F)C(O)CC21C
DB00589,CCN(CC)C(=O)NC1C=C2c3cccc4[nH]cc(c34)CC2N(C)C1
DB00590,COc1cc2nc(N3CCN(C(=O)C4COc5ccccc5O4)CC3)nc(N)c2cc1OC
DB00591,CC1(C)OC2CC3C4CC(F)C5=CC(=O)C=CC5(C)C4(F)C(O)CC3(C)C2(C(=O)CO)O1
DB00592,C1CNCCN1
DB00593,CCC1(C)CC(=O)NC1=O
DB00594,NC(N)=NC(=O)c1nc(Cl)c(N)nc1N
DB00596,CC1CC2C3CC(F)C4=CC(=O)C=CC4(C)C3(F)C(O)CC2(C)C1(O)C(=O)CCl
DB00598,CC(CCc1ccccc1)NCC(O)c1ccc(O)c(C(N)=O)c1
DB00599,CCCC(C)C1(CC)C(=O)NC(=S)NC1=O
DB00600,Oc1ccc(OCc2ccccc2)cc1
DB00602,CCC(C)C1OC2(CCC1C)CC1CC(CC=C(C)C(OC3CC(OC)C(OC4CC(OC)C(O)C(C)O4)C(C)O3)C(C)C=CC=C3COC4C(O)C(C)=CC(C(=O)O1)C34O)O2
DB00603,CC(=O)OC1(C(C)=O)CCC2C3CC(C)C4=CC(=O)CCC4(C)C3CCC21C
DB00604,COc1cc(N)c(Cl)cc1C(=O)NC1CCN(CCCOc2ccc(F)cc2)CC1OC
DB00605,CC1=C(CC(=O)O)c2cc(F)ccc2C1=Cc1ccc([S+](C)[O-])cc1
DB00606,NS(=O)(=O)c1cc2c(cc1Cl)NC(C1CC3C=CC1C3)NS2(=O)=O
DB00608,CCN(CC)CCCC(C)Nc1ccnc2cc(Cl)ccc12
DB00610,CC(N)C(O)c1cccc(O)c1
DB00611,Oc1ccc2c(c1)C13CCCCC1(O)C(C2)N(CC1CCC1)CC3
DB00612,CC(C)NCC(O)COc1ccc(COCCOC(C)C)cc1
DB00613,CCN(CC)Cc1cc(Nc2ccnc3cc(Cl)ccc23)ccc1O
DB00615,COC1C=COC2(C)Oc3c(C)c(O)c4c(c3C2=O)C2=NC3(CCN(CC(C)C)CC3)NC2=C(NC(=O)C(C)=CC=CC(C)C(O)C(C)C(O)C(C)C(OC(C)=O)C1C)C4=O
DB00617,CCC1(C)OC(=O)N(C)C1=O
DB00619,Cc1ccc(NC(=O)c2ccc(CN3CCN(C)CC3)cc2)cc1Nc1nccc(-c2cccnc2)n1
DB00620,CC12C=CC(=O)C=C1CCC1C3CC(O)C(O)(C(=O)CO)C3(C)CC(O)C12F
DB00621,CC12COC(=O)CC1CCC1C2CCC2(C)C1CCC2(C)O
DB00622,COC(=O)C1=C(C)NC(C)=C(C(=O)OCCN(C)Cc2ccccc2)C1c1cccc([N+](=O)[O-])c1
DB00623,OCCN1CCN(CCCN2c3ccccc3Sc3ccc(C(F)(F)F)cc32)CC1
DB00624,CC12CCC(=O)C=C1CCC1C2CCC2(C)C(O)CCC12
DB00626,CCC(C)C(N)C1=NC(C(=O)NC(CC(C)C)C(=O)NC(CCC(=O)O)C(=O)NC(C(=O)NC2CCCCNC(=O)C(CC(N)=O)NC(=O)C(CC(=O)O)NC(=O)C(Cc3c[nH]cn3)NC(=O)C(Cc3ccccc3)NC(=O)C(C(C)CC)NC(=O)C(CCCN)NC2=O)C(C)CC)CS1
DB00627,O=C(O)c1cccnc1
DB00628,O=C(O)C1N=C(c2ccccc2)c2cc(Cl)ccc2NC1=O
DB00629,NC(N)=NN=Cc1c(Cl)cccc1Cl
DB00630,NCCCC(O)(P(=O)(O)O)P(=O)(O)O
DB00631,Nc1nc(Cl)nc2c1ncn2C1OC(CO)C(O)C1F
DB00633,Cc1cccc(C(C)c2c[nH]cn2)c1C
DB00635,CC12C=CC(=O)C=C1CCC1C2C(=O)CC2(C)C1CCC2(O)C(=O)CO
DB00636,CCOC(=O)C(C)(C)Oc1ccc(Cl)cc1
DB00637,COc1ccc(CCN2CCC(Nc3nc4ccccc4n3Cc3ccc(F)cc3)CC2)cc1
DB00640,Nc1ncnc2c1ncn2C1OC(CO)C(O)C1O
DB00641,CCC(C)(C)C(=O)OC1CC(C)C=C2C=CC(C)C(CCC3CC(O)CC(=O)O3)C21
DB00642,N=c1nc(O)c2c(CCc3ccc(C(=O)NC(CCC(=O)O)C(=O)O)cc3)c[nH]c2[nH]1
DB00643,COC(=O)Nc1nc2ccc(C(=O)c3ccccc3)cc2[nH]1
DB00644,CC(C)CC(NC(=O)CNC(=O)C(Cc1ccc(O)cc1)NC(=O)C(CO)NC(=O)C(Cc1c[nH]c2ccccc12)NC(=O)C(Cc1cnc[nH]1)NC(=O)C1CCC(=O)N1)C(=O)NC(CCCN=C(N)N)C(=O)N1CCCC1C(=O)NCC(N)=O
DB00645,CCCCOc1ccc(C(=O)CCN2CCCCC2)cc1
DB00647,CCC(=O)OC(Cc1ccccc1)(c1ccccc1)C(C)CN(C)C
DB00648,Clc1ccc(C(c2ccccc2Cl)C(Cl)Cl)cc1
DB00651,Cn1c(=O)c2c(ncn2CC(O)CO)n(C)c1=O
DB00652,CC(C)=CCN1CCC2(C)c3cc(O)ccc3CC1C2C
DB00654,CC(C)OC(=O)CCCC=CCC1C(O)CC(O)C1CCC(O)CCc1ccccc1
DB00655,CC12CCC3c4ccc(O)cc4CCC3C1CCC2=O
DB00656,O=c1n(CCCN2CCN(c3cccc(Cl)c3)CC2)nc2ccccn12
DB00657,CNC1(C)C2CCC(C2)C1(C)C
DB00659,CC(=O)NCCCS(=O)(=O)O
DB00661,COc1ccc(CCN(C)CCCC(C#N)(c2ccc(OC)c(OC)c2)C(C)C)cc1OC
DB00663,CC1CC2C3CC(F)C4=CC(=O)C=CC4(C)C3(F)C(O)CC2(C)C1(O)C(=O)CO
DB00665,CC1(C)NC(=O)N(c2ccc([N+](=O)[O-])c(C(F)(F)F)c2)C1=O
DB00666,CC(C)CC(NC(=O)C(Cc1ccc2ccccc2c1)NC(=O)C(Cc1ccc(O)cc1)NC(=O)C(CO)NC(=O)C(Cc1c[nH]c2ccccc12)NC(=O)C(Cc1cnc[nH]1)NC(=O)C1CCC(=O)N1)C(=O)NC(CCCN=C(N)N)C(=O)N1CCCC1C(=O)NCC(N)=O
DB00668,CNCC(O)c1ccc(O)c(O)c1
DB00669,CNS(=O)(=O)Cc1ccc2[nH]cc(CCN(C)C)c2c1
DB00670,CN1CCN(CC(=O)N2c3ccccc3C(=O)Nc3cccnc32)CC1
DB00672,CCCNC(=O)NS(=O)(=O)c1ccc(Cl)cc1
DB00673,CC(OC1OCCN(Cc2n[nH]c(=O)[nH]2)C1c1ccc(F)cc1)c1cc(C(F)(F)F)cc(C(F)(F)F)c1
DB00674,COc1ccc2c3c1OC1CC(O)C=CC31CCN(C)C2
DB00675,CCC(=C(c1ccccc1)c1ccc(OCCN(C)C)cc1)c1ccccc1
DB00677,CC(C)OP(=O)(F)OC(C)C
DB00678,CCCCc1nc(Cl)c(CO)n1Cc1ccc(-c2ccccc2-c2nn[nH]n2)cc1
DB00679,CSc1ccc2c(c1)N(CCC1CCCCN1C)c1ccccc1S2
DB00680,CCOC(=O)Nc1ccc2c(c1)N(C(=O)CCN1CCOCC1)c1ccccc1S2
DB00682,CC(=O)CC(c1ccccc1)c1c(O)c2ccccc2oc1=O
DB00683,Cc1ncc2n1-c1ccc(Cl)cc1C(c1ccccc1F)=NC2
DB00685,NC1C2CN(c3nc4c(cc3F)c(=O)c(C(=O)O)cn4-c3ccc(F)cc3F)CC12
DB00686,O=S(=O)(O)OC1C(O)COC(OC2COC(O)C(OS(=O)(=O)O)C2OS(=O)(=O)O)C1OS(=O)(=O)O
DB00687,CC12CCC(=O)C=C1CCC1C3CCC(O)(C(=O)CO)C3(C)CC(O)C12F
DB00688,COc1c(C)c2c(c(O)c1CC=C(C)CCC(=O)OCCN1CCOCC1)C(=O)OC2
DB00690,CCN(CC)CCN1C(=O)CN=C(c2ccccc2F)c2cc(Cl)ccc21
DB00691,CCOC(=O)C(CCc1ccccc1)NC(C)C(=O)N1Cc2cc(OC)c(OC)cc2CC1C(=O)O
DB00692,Cc1ccc(N(CC2=NCCN2)c2cccc(O)c2)cc1
DB00693,O=C1OC2(c3ccc(O)cc3Oc3cc(O)ccc32)c2ccccc21
DB00694,COc1cccc2c1C(=O)c1c(O)c3c(c(O)c1C2=O)CC(O)(C(C)=O)CC3OC1CC(N)C(O)C(C)O1
DB00695,NS(=O)(=O)c1cc(C(=O)O)c(NCc2ccco2)cc1Cl
DB00696,CN1CC(C(=O)NC2(C)OC3(O)C4CCCN4C(=O)C(Cc4ccccc4)N3C2=O)C=C2c3cccc4[nH]cc(c34)CC21
DB00697,Clc1ccc2nsnc2c1NC1=NCCN1
DB00699,COC12CC(COC(=O)c3cncc(Br)c3)CN(C)C1Cc1cn(C)c3cccc2c13
DB00700,COC(=O)C1CC2=CC(=O)CCC2(C)C23OC2CC2(C)C(CCC24CCC(=O)O4)C13
DB00703,CC(=O)N=c1sc(S(N)(=O)=O)nn1C
DB00704,O=C1CCC2(O)C3Cc4ccc(O)c5c4C2(CCN3CC2CC2)C1O5
DB00706,CCOc1ccccc1OCCNC(C)Cc1ccc(OC)c(S(N)(=O)=O)c1
DB00708,CCC(=O)N(c1ccccc1)C1(COC)CCN(CCc2cccs2)CC1
DB00710,CCCCCN(C)CCC(O)(P(=O)(O)O)P(=O)(O)O
DB00711,CCN(CC)C(=O)N1CCN(C)CC1
DB00712,CC(C(=O)O)c1ccc(-c2ccccc2)c(F)c1
DB00713,Cc1onc(-c2ccccc2)c1C(=O)NC1C(=O)N2C1SC(C)(C)C2C(=O)O
DB00714,CN1CCc2cccc3c2C1Cc1ccc(O)c(O)c1-3
DB00715,Fc1ccc(C2CCNCC2COc2ccc3c(c2)OCO3)cc1
DB00716,CCCc1c2oc(C(=O)O)cc(=O)c2cc2c(=O)cc(C(=O)O)n(CC)c12
DB00717,C#CC1(O)CCC2C3CCC4=CC(=O)CCC4C3CCC21C
DB00719,CN1CCC(=C2c3ccccc3CCc3cccnc32)CC1
DB00720,O=P(O)(O)C(Cl)(Cl)P(=O)(O)O
DB00721,CCN(CC)CCOC(=O)c1ccc(N)cc1
DB00722,NCCCCC(NC(CCc1ccccc1)C(=O)O)C(=O)N1CCCC1C(=O)O
DB00723,COc1ccc(OC)c(C(O)C(C)N)c1
DB00724,CC(C)Cn1cnc2c(N)nc3ccccc3c21
DB00725,C[N+]1(C)C2CCC1CC(OC(=O)C(O)c1ccccc1)C2
DB00726,CC(CN(C)C)CN1c2ccccc2CCc2ccccc21
DB00727,O=[N+]([O-])OCC(CO[N+](=O)[O-])O[N+](=O)[O-]
DB00728,C=CC[N+]1(C2CC3C4CCC5CC(O)C(N6CCOCC6)CC5(C)C4CCC3(C)C2OC(C)=O)CCCC1
DB00731,CC(C)C1CCC(C(O)=NC(Cc2ccccc2)C(=O)O)CC1
DB00732,COc1ccc(CC2c3cc(OC)c(OC)cc3CC[N+]2(C)CCC(=O)OCCCCCOC(=O)CC[N+]2(C)CCc3cc(OC)c(OC)cc3C2Cc2ccc(OC)c(OC)c2)cc1OC
DB00733,C[n+]1ccccc1C=NO
DB00734,Cc1nc2n(c(=O)c1CCN1CCC(c3noc4cc(F)ccc34)CC1)CCCC2
DB00735,CN(CC=Cc1ccccc1)Cc1cccc2ccccc12
DB00736,COc1ccc2[nH]c([S+]([O-])Cc3ncc(C)c(OC)c3C)nc2c1
DB00737,Cc1cccc(CN2CCN(C(c3ccccc3)c3ccc(Cl)cc3)CC2)c1
DB00738,N=C(N)c1ccc(OCCCCCOc2ccc(C(=N)N)cc2)cc1
DB00740,Nc1nc2ccc(OC(F)(F)F)cc2s1
DB00741,CC12CCC(=O)C=C1CCC1C2C(O)CC2(C)C1CCC2(O)C(=O)CO
DB00744,CC(c1cc2ccccc2s1)N(O)C(N)=O
DB00745,NC(=O)C[S+]([O-])C(c1ccccc1)c1ccccc1
DB00746,CC(=O)N(O)CCCCCNC(=O)CCC(=O)N(O)CCCCCNC(=O)CCC(=O)N(O)CCCCCN
DB00747,CN1C2CC(OC(=O)C(CO)c3ccccc3)CC1C1OC12
DB00748,CN(C)CCOC(c1ccc(Cl)cc1)c1ccccn1
DB00749,CCc1cccc2c3c([nH]c12)C(CC)(CC(=O)O)OCC3
DB00750,CCCNC(C)C(=O)Nc1ccccc1C
DB00751,NC1=NCC2c3ccccc3Cc3ccccc3N12
DB00752,NC1CC1c1ccccc1
DB00753,FC(F)OC(Cl)C(F)(F)F
DB00754,CCN1C(=O)NC(c2ccccc2)C1=O
DB00755,CC(C=CC1=C(C)CCCC1(C)C)=CC=CC(C)=CC(=O)O
DB00756,Oc1c(Cl)cc(Cl)c(Cl)c1Cc1c(O)c(Cl)cc(Cl)c1Cl
DB00757,O=C(OC1CC2CC3CC(C1)N2CC3=O)c1c[nH]c2ccccc12
DB00758,COC(=O)C(c1ccccc1Cl)N1CCc2sccc2C1
DB00759,CN(C)C1C(O)=C(C(N)=O)C(=O)C2(O)C(O)=C3C(=O)c4c(O)cccc4C(C)(O)C3CC12
DB00762,CCc1c2c(nc3ccc(OC(=O)N4CCC(N5CCCCC5)CC4)cc13)-c1cc3c(c(=O)n1C2)COC(=O)C3(O)CC
DB00763,Cn1cc[nH]c1=S
DB00764,CC1CC2C3CCC4=CC(=O)C=CC4(C)C3(Cl)C(O)CC2(C)C1(O)C(=O)CCl
DB00765,CC(N)(Cc1ccc(O)cc1)C(=O)O
DB00768,CN(C)CCC=C1c2ccccc2COc2ccc(CC(=O)O)cc21
DB00769,CCN(CC)CC(=O)OCC(=O)C1(O)CCC2C3CCC4=CC(=O)CCC4(C)C3C(O)CC21C
DB00770,CCCCCC(O)C=CC1C(O)CC(=O)C1CCCCCCC(=O)O
DB00771,C[N+]12CCC(CC1)C(OC(=O)C(O)(c1ccccc1)c1ccccc1)C2
DB00772,CCOC(=O)CC(SP(=S)(OC)OC)C(=O)OCC
DB00773,COc1cc(C2c3cc4c(cc3C(OC3OC5COC(C)OC5C(O)C3O)C3COC(=O)C23)OCO4)cc(OC)c1O
DB00774,NS(=O)(=O)c1cc2c(cc1C(F)(F)F)NCNS2(=O)=O
DB00775,CCCCS(=O)(=O)NC(Cc1ccc(OCCCCC2CCNCC2)cc1)C(=O)O
DB00776,NC(=O)N1c2ccccc2CC(=O)c2ccccc21
DB00777,CCC(=O)c1ccc2c(c1)N(CC(C)N(C)C)c1ccccc1S2
DB00778,CCC1OC(=O)C(C)C(OC2CC(C)(OC)C(O)C(C)O2)C(C)C(OC2OC(C)CC(N(C)C)C2O)C(C)(O)CC(C)C(=NOCOCCOC)C(C)C(O)C1(C)O
DB00780,NNCCc1ccccc1
DB00782,CC(C)[N+](C)(CCOC(=O)C1c2ccccc2Oc2ccccc21)C(C)C
DB00783,CC12CCC3c4ccc(O)cc4CCC3C1CCC2O
DB00784,Cc1cccc(Nc2ccccc2C(=O)O)c1C
DB00788,COc1ccc2cc(C(C)C(=O)O)ccc2c1
DB00789,O=C(O)CN(CCN(CC(=O)O)CC(=O)O)CCN(CC(=O)O)CC(=O)O
DB00790,CCCC(NC(C)C(=O)N1C(C(=O)O)CC2CCCCC21)C(=O)OCC
DB00792,CN(C)CCN(Cc1ccccc1)c1ccccn1
DB00794,CCC1(c2ccccc2)C(=O)NCNC1=O
DB00795,O=C(O)c1cc(N=Nc2ccc(S(=O)(=O)Nc3ccccn3)cc2)ccc1O
DB00796,CCOc1nc2cccc(C(=O)OC(C)OC(=O)OC3CCCCC3)c2n1Cc1ccc(-c2ccccc2-c2nnn[nH]2)cc1
DB00797,c1ccc(CC2=NCCN2)cc1
DB00798,CNC(C)C1CCC(N)C(OC2C(N)CC(N)C(OC3OCC(C)(O)C(NC)C3O)C2O)O1
DB00799,CCOC(=O)c1ccc(C#Cc2ccc3c(c2)C(C)(C)CCS3)nc1
DB00800,Oc1ccc(C2CNCCc3c2cc(O)c(O)c3Cl)cc1
DB00801,O=C1CN=C(c2ccccc2)c2cc(Cl)ccc2N1CC(F)(F)F
DB00802,CCC(=O)N(c1ccccc1)C1(COC)CCN(CCn2nnn(CC)c2=O)CC1
DB00804,CCN(CC)CCOC(=O)C1(C2CCCCC2)CCCCC1
DB00805,Cc1cc(-c2ccccc2)nnc1NCCN1CCOCC1
DB00806,CC(=O)CCCCn1c(=O)c2c(ncn2C)n(C)c1=O
DB00807,CCCOc1ccc(C(=O)OCCN(CC)CC)cc1N
DB00808,CC1Cc2ccccc2N1NC(=O)c1ccc(Cl)c(S(N)(=O)=O)c1
DB00809,CCN(Cc1ccncc1)C(=O)C(CO)c1ccccc1
DB00810,OC(CCN1CCCCC1)(c1ccccc1)C1CC2C=CC1C2
DB00811,NC(=O)c1ncn(C2OC(CO)C(O)C2O)n1
DB00812,CCCCC1C(=O)N(c2ccccc2)N(c2ccccc2)C1=O
DB00813,CCC(=O)N(c1ccccc1)C1CCN(CCc2ccccc2)CC1
DB00814,Cc1cnc(NC(=O)C2=C(O)c3ccccc3S(=O)(=O)N2C)s1
DB00816,CC(C)NCC(O)c1cc(O)cc(O)c1
DB00818,CC(C)c1cccc(C(C)C)c1O
DB00819,CC(=O)Nc1nnc(S(N)(=O)=O)s1
DB00820,CN1CC(=O)N2C(Cc3c([nH]c4ccccc34)C2c2ccc3c(c2)OCO3)C1=O
DB00821,CC(C(=O)O)c1ccc2c(c1)[nH]c1ccc(Cl)cc12
DB00822,CCN(CC)C(=S)SSC(=S)N(CC)CC
DB00823,C#CC1(OC(C)=O)CCC2C3CCC4=CC(OC(C)=O)CCC4C3CCC21C
DB00824,CCCn1c(=O)[nH]c(=O)c2[nH]cnc21
DB00825,CC1CCC(C(C)C)C(O)C1
DB00829,CN1C(=O)CN=C(c2ccccc2)c2cc(Cl)ccc21
DB00830,CC1NCCOC1c1ccccc1
DB00831,CN1CCN(CCCN2c3ccccc3Sc3ccc(C(F)(F)F)cc32)CC1
DB00834,CC#CC1(O)CCC2C3CCC4=CC(=O)CCC4=C3C(c3ccc(N(C)C)cc3)CC21C
DB00835,CN(C)CCC(c1ccc(Br)cc1)c1ccccn1
DB00836,CN(C)C(=O)C(CCN1CCC(O)(c2ccc(Cl)cc2)CC1)(c1ccccc1)c1ccccc1
DB00838,CC1CC2C3CC(F)C4=CC(=O)C=CC4(C)C3(Cl)C(O)CC2(C)C1C(=O)CO
DB00839,Cc1ccc(S(=O)(=O)NC(=O)NN2CCCCCC2)cc1
DB00841,CC(CCc1ccc(O)cc1)NCCc1ccc(O)c(O)c1
DB00842,O=C1Nc2ccc(Cl)cc2C(c2ccccc2)=NC1O
DB00843,COc1cc2c(cc1OC)C(=O)C(CC1CCN(Cc3ccccc3)CC1)C2
DB00844,Oc1ccc2c3c1OC1C(O)CCC4(O)C(C2)N(CC2CCC2)CCC314
DB00845,CC(C)N=c1cc2n(-c3ccc(Cl)cc3)c3ccccc3nc-2cc1Nc1ccc(Cl)cc1
DB00846,CC1(C)OC2CC3C4CC(F)C5=CC(=O)CCC5(C)C4C(O)CC3(C)C2(C(=O)CO)O1
DB00848,c1ccc(C2CN3CCSC3=N2)cc1
DB00849,CCC1(c2ccccc2)C(=O)NC(=O)N(C)C1=O
DB00850,OCCN1CCN(CCCN2c3ccccc3Sc3ccc(Cl)cc32)CC1
DB00851,CN(C)N=Nc1[nH]cnc1C(N)=O
DB00852,CNC(C)C(O)c1ccccc1
DB00854,CN1CCC23CCCCC2C1Cc1ccc(O)cc13
DB00855,NCC(=O)CCC(=O)O
DB00857,CN(CC=CC#CC(C)(C)C)Cc1cccc2ccccc12
DB00860,CC12C=CC(=O)C=C1CCC1C2C(O)CC2(C)C1CCC2(O)C(=O)CO
DB00861,O=C(O)c1cc(-c2ccc(F)cc2F)ccc1O
DB00862,CCCc1nc(C)c2c(=O)nc(-c3cc(S(=O)(=O)N4CCN(CC)CC4)ccc3OCC)[nH]n12
DB00863,CNC(=C[N+](=O)[O-])NCCSCc1ccc(CN(C)C)o1
DB00864,C=CCC1C=C(C)CC(C)CC(OC)C2OC(O)(C(=O)C(=O)N3CCCCC3C(=O)OC(C(C)=CC3CCC(O)C(OC)C3)C(C)C(O)CC1=O)C(C)CC2OC
DB00865,CC(Cc1ccccc1)N(C)Cc1ccccc1
DB00867,CC(NCCc1ccc(O)cc1)C(O)c1ccc(O)cc1
DB00868,CCCCNc1ccc(C(=O)OCCOCCOCCOCCOCCOCCOCCOCCOCCOC)cc1
DB00869,CCNC1CC(C)S(=O)(=O)c2sc(S(N)(=O)=O)cc21
DB00870,CC(C(=O)O)c1ccc(C(=O)c2cccs2)cc1
DB00871,CC(C)(C)NCC(O)c1cc(O)cc(O)c1
DB00872,Cc1nc2c([nH]1)CCN(C(=O)c1ccc(NC(=O)c3ccccc3-c3ccccc3)cc1)c1ccccc1-2
DB14596,CC12C=CC(=O)C=C1CCC1C2C(O)CC2(C)C1CCC2(O)C(=O)OCCl
DB00875,OCCN1CCN(CCC=C2c3ccccc3Sc3ccc(C(F)(F)F)cc32)CC1
DB00876,CCCCc1ncc(C=C(Cc2cccs2)C(=O)O)n1Cc1ccc(C(=O)O)cc1
DB00877,COC1CC2CCC(C)C(O)(O2)C(=O)C(=O)N2CCCCC2C(=O)OC(C(C)CC2CCC(O)C(OC)C2)CC(=O)C(C)C=C(C)C(O)C(OC)C(=O)C(C)CC(C)C=CC=CC=C1C
DB00880,NS(=O)(=O)c1cc2c(cc1Cl)NC=NS2(=O)=O
DB00881,CCOC(=O)C(CCc1ccccc1)NC(C)C(=O)N1Cc2ccccc2CC1C(=O)O
DB00882,CCN(CC)CCOc1ccc(C(=C(Cl)c2ccccc2)c2ccccc2)cc1
DB00883,O=[N+]([O-])OC1COC2C(O[N+](=O)[O-])COC12
DB00884,O=P(O)(O)C(O)(Cc1cccnc1)P(=O)(O)O
DB00887,CCCCNc1cc(C(=O)O)cc(S(N)(=O)=O)c1Oc1ccccc1
DB00889,CN1C2CCCC1CC(NC(=O)c1nn(C)c3ccccc13)C2
DB00890,CC=C(C(=CC)c1ccc(O)cc1)c1ccc(O)cc1
DB00892,CCCCOc1cc(C(=O)OCCN(CC)CC)ccc1N
DB00894,CC12CCC3C(CCC4=CC(=O)C=CC43C)C1CCC(=O)O2
DB00896,CCC(=O)C1(C)C(C)CC2C3CCC4=CC(=O)C=CC4(C)C3C(O)CC21C
DB00897,Cc1nnc2n1-c1ccc(Cl)cc1C(c1ccccc1Cl)=NC2
DB00899,CCC(=O)N(c1ccccc1)C1(C(=O)OC)CCN(CCC(=O)OC)CC1
DB00900,O=c1nc[nH]c2c1ncn2C1CCC(CO)O1
DB00902,CN1CCC(CN2c3ccccc3Sc3ccccc32)C1
DB00903,C=C(CC)C(=O)c1ccc(OCC(=O)O)c(Cl)c1Cl
DB00904,Cc1nccn1CC1CCc2c(c3ccccc3n2C)C1=O
DB00905,CCNC(=O)CCCC=CCC1C(O)CC(O)C1C=CC(O)CCc1ccccc1
DB00906,Cc1ccsc1C(=CCCN1CCCC(C(=O)O)C1)c1sccc1C
DB00907,COC(=O)C1C(OC(=O)c2ccccc2)CC2CCC1N2C
DB00908,C=CC1CN2CCC1CC2C(O)c1ccnc2ccc(OC)cc12
DB00909,NS(=O)(=O)Cc1noc2ccccc12
DB00910,CC(C=CC(C)C(C)(C)O)C1CCC2C(=CC=C3CC(O)CC(O)C3)CCCC21C
DB00912,CCOc1cc(CC(=O)NC(CC(C)C)c2ccccc2N2CCCCC2)ccc1C(=O)O
DB00913,CCOC(=O)C1(c2ccccc2)CCN(CCc2ccc(N)cc2)CC1
DB00914,N=C(N)NC(=N)NCCc1ccccc1
DB00915,NC12CC3CC(CC(C3)C1)C2
DB00916,Cc1ncc([N+](=O)[O-])n1CCO
DB00917,CCCCCC(O)C=CC1C(O)CC(=O)C1CC=CCCCC(=O)O
DB00918,CN(C)CCc1c[nH]c2ccc(CS(=O)(=O)N3CCCC3)cc12
DB00920,CN1CCC(=C2c3ccccc3CC(=O)c3sccc32)CC1
DB00921,COC12CCC3(CC1C(C)(O)C(C)(C)C)C1Cc4ccc(O)c5c4C3(CCN1CC1CC1)C2O5
DB00922,CC1CC(=O)NN=C1c1ccc(NN=C(C#N)C#N)cc1
DB00924,CN(C)CCC=C1c2ccccc2C=Cc2ccccc21
DB00925,CC(COc1ccccc1)N(CCCl)Cc1ccccc1
DB00927,NC(N)=Nc1nc(CSCCC(N)=NS(N)(=O)=O)cs1
DB00928,Nc1ncn(C2OC(CO)C(O)C2O)c(=O)n1
DB00929,CCCCC(C)(O)CC=CC1C(O)CC(=O)C1CCCCCCC(=O)OC
DB00933,CN1CCCCC1CCN1c2ccccc2Sc2ccc([S+](C)[O-])cc21
DB00934,CNCCCC12CCC(c3ccccc31)c1ccccc12
DB00935,Cc1cc(C(C)(C)C)c(O)c(C)c1CC1=NCCN1
DB00936,O=C(O)c1ccccc1O
DB00937,CCN(CC)C(C)C(=O)c1ccccc1
DB00938,OCc1cc(C(O)CNCCCCCCOCCCCc2ccccc2)ccc1O
DB00939,Cc1ccc(Cl)c(Nc2ccccc2C(=O)O)c1Cl
DB00940,CC[N+](C)(CC)CCOC(=O)C1c2ccccc2Oc2ccccc21
DB00941,C[N+](C)(CCCCCC[N+](C)(C)C1c2ccccc2-c2ccccc21)C1c2ccccc2-c2ccccc21
DB00942,OC(CCN1CCCCC1)(c1ccccc1)C1CCCC1
DB00944,CN(CCCCCCCCCCN(C)C(=O)Oc1cccc([N+](C)(C)C)c1)C(=O)Oc1cccc([N+](C)(C)C)c1
DB00945,CC(=O)Oc1ccccc1C(=O)O
DB00946,CCC(c1ccccc1)c1c(O)c2ccccc2oc1=O
DB00947,CC12CCC3c4ccc(O)cc4CC(CCCCCCCCC[S+]([O-])CCCC(F)(F)C(F)(F)F)C3C1CCC2O
DB00949,NC(=O)OCC(COC(N)=O)c1ccccc1
DB00950,CC(C)(C(=O)O)c1ccc(C(O)CCCN2CCC(C(O)(c3ccccc3)c3ccccc3)CC2)cc1
DB00951,NNC(=O)c1ccncc1
DB00952,CNS(=O)(=O)CCc1ccc2[nH]cc(C3CCN(C)CC3)c2c1
DB00953,CN(C)CCc1c[nH]c2ccc(Cn3cncn3)cc12
DB00956,COc1ccc2c3c1OC1C(=O)CCC4C(C2)N(C)CCC314
DB00957,C#CC1(OC(C)=O)CCC2C3CCC4=CC(=NO)CCC4C3CCC21CC
DB00959,CC1CC2C(C(O)CC3(C)C2CCC3(O)C(=O)CO)C2(C)C=CC(=O)C=C12
DB00960,CC(C)NCC(O)COc1cccc2[nH]ccc12
DB00961,Cc1cccc(C)c1NC(=O)C1CCCCN1C
DB00962,CCN(C(C)=O)c1cccc(-c2ccnc3c(C#N)cnn23)c1
DB00963,Nc1c(CC(=O)O)cccc1C(=O)c1ccc(Br)cc1
DB00964,Nc1cc(Cl)c(NC2=NCCN2)c(Cl)c1
DB00966,CCCc1nc2c(C)cc(-c3nc4ccccc4n3C)cc2n1Cc1ccc(-c2ccccc2C(=O)O)cc1
DB00967,Clc1ccc2c(c1)CCc1cccnc1C2=C1CCNCC1
DB00968,CC(N)(Cc1ccc(O)c(O)c1)C(=O)O
DB00969,Cc1[nH]cnc1CN1CCc2c(c3ccccc3n2C)C1=O
DB00970,Cc1c2oc3c(C)ccc(C(=O)NC4C(=O)NC(C(C)C)C(=O)N5CCCC5C(=O)N(C)CC(=O)N(C)C(C(C)C)C(=O)OC4C)c3nc-2c(C(=O)NC2C(=O)NC(C(C)C)C(=O)N3CCCC3C(=O)N(C)CC(=O)N(C)C(C(C)C)C(=O)OC2C)c(N)c1=O
DB00972,CN1CCCC(n2nc(Cc3ccc(Cl)cc3)c3ccccc3c2=O)CC1
DB00973,O=C1C(CCC(O)c2ccc(F)cc2)C(c2ccc(O)cc2)N1c1ccc(F)cc1
DB00975,OCCN(CCO)c1nc(N2CCCCC2)c2nc(N(CCO)CCO)nc(N3CCCCC3)c2n1
DB00977,C#CC1(O)CCC2C3CCc4cc(O)ccc4C3CCC21C
DB00978,CCn1cc(C(=O)O)c(=O)c2cc(F)c(N3CCNC(C)C3)c(F)c21
DB00979,CN(C)CCOC(=O)C(c1ccccc1)C1(O)CCCC1
DB00980,CCC(=O)NCCC1CCc2ccc3c(c21)CCO3
DB00981,CNC(=O)Oc1ccc2c(c1)C1(C)CCN(C)C1N2C
DB00982,CC(C=CC1=C(C)CCCC1(C)C)=CC=CC(C)=CC(=O)O
DB00983,COc1ccc(CC(C)NCC(O)c2ccc(O)c(NC=O)c2)cc1
DB00984,CC12CCC3C4CCC(=O)C=C4CCC3C1CCC2OC(=O)CCc1ccccc1
DB00985,CN(C)CCOC(c1ccccc1)c1ccccc1
DB00986,C[N+]1(C)CCC(OC(=O)C(O)(c2ccccc2)C2CCCC2)C1
DB00987,Nc1ccn(C2OC(CO)C(O)C2O)c(=O)n1
DB00988,NCCc1ccc(O)c(O)c1
DB00989,CCN(C)C(=O)Oc1cccc(C(C)N(C)C)c1
DB00990,C=C1CC2C(CCC3(C)C(=O)CCC23)C2(C)C=CC(=O)C=C12
DB00991,O=C(O)CCc1nc(-c2ccccc2)c(-c2ccccc2)o1
DB00992,COC(=O)CCC(=O)CN
DB00993,Cn1cnc([N+](=O)[O-])c1Sc1ncnc2nc[nH]c12
DB00995,CCP(CC)(CC)=[Au]SC1OC(COC(C)=O)C(OC(C)=O)C(OC(C)=O)C1OC(C)=O
DB00996,NCC1(CC(=O)O)CCCCC1
DB00997,COc1cccc2c1C(=O)c1c(O)c3c(c(O)c1C2=O)CC(O)(C(=O)CO)CC3OC1CC(N)C(O)C(C)O1
DB00998,CNC1CCc2[nH]c3ccc(C(N)=O)cc3c2C1
DB00999,NS(=O)(=O)c1cc2c(cc1Cl)NCNS2(=O)=O
DB01001,CC(C)(C)NCC(O)c1ccc(O)c(CO)c1
DB01002,CCCCN1CCCCC1C(=O)Nc1c(C)cccc1C
DB01003,O=C(O)c1cc(=O)c2c(OCC(O)COc3cccc4oc(C(=O)O)cc(=O)c34)cccc2o1
DB01006,N#Cc1ccc(C(c2ccc(C#N)cc2)n2cncn2)cc1
DB01007,Clc1ccc(C(Cn2ccnc2)OCc2ccsc2Cl)c(Cl)c1
DB01009,CC(C(=O)O)c1cccc(C(=O)c2ccccc2)c1
DB01010,CC[N+](C)(C)c1cccc(O)c1
DB01011,CC(C)(C(=O)c1cccnc1)c1cccnc1
DB01012,CC(NCCCc1cccc(C(F)(F)F)c1)c1cccc2ccccc12
DB01013,CCC(=O)OC1(C(=O)CCl)C(C)CC2C3CCC4=CC(=O)C=CC4(C)C3(F)C(O)CC21C
DB01014,O=C(O)CCNC(=O)c1ccc(N=Nc2ccc(O)c(C(=O)O)c2)cc1
DB01015,Cc1cc(NS(=O)(=O)c2ccc(N)cc2)no1
DB01016,COc1ccc(Cl)cc1C(=O)NCCc1ccc(S(=O)(=O)NC(=O)NC2CCCCC2)cc1
DB01017,CN(C)c1ccc(O)c2c1CC1CC3C(N(C)C)C(O)=C(C(N)=O)C(=O)C3(O)C(O)=C1C2=O
DB01018,N=C(N)NC(=O)Cc1c(Cl)cccc1Cl
DB01019,CC(C[N+](C)(C)C)OC(N)=O
DB01020,O=[N+]([O-])OC1COC2C(O)COC12
DB01021,NS(=O)(=O)c1cc2c(cc1Cl)NC(C(Cl)Cl)NS2(=O)=O
DB01022,CC(=CCC1=C(C)C(=O)c2ccccc2C1=O)CCCC(C)CCCC(C)CCCC(C)C
DB01023,CCOC(=O)C1=C(C)NC(C)=C(C(=O)OC)C1c1cccc(Cl)c1Cl
DB01024,COc1c(C)c2c(c(O)c1CC=C(C)CCC(=O)O)C(=O)OC2
DB01025,CC(C)c1ccc2oc3nc(N)c(C(=O)O)cc3c(=O)c2c1
DB01026,CC(=O)N1CCN(c2ccc(OCC3COC(Cn4ccnc4)(c4ccc(Cl)cc4Cl)O3)cc2)CC1
DB01028,COC(F)(F)C(Cl)Cl
DB01029,CCCCC1=NC2(CCCC2)C(=O)N1Cc1ccc(-c2ccccc2-c2nn[nH]n2)cc1
DB01030,CCC1(O)C(=O)OCc2c1cc1n(c2=O)Cc2cc3c(CN(C)C)c(O)ccc3nc2-1
DB01031,C#CC1(OC(N)=O)CCCCC1
DB01032,CCCN(CCC)S(=O)(=O)c1ccc(C(=O)O)cc1
DB01033,S=c1nc[nH]c2nc[nH]c12
DB01035,CCN(CC)CCNC(=O)c1ccc(N)cc1
DB01036,Cc1ccc(O)c(C(CCN(C(C)C)C(C)C)c2ccccc2)c1
DB01037,C#CCN(C)C(C)Cc1ccccc1
DB01039,CC(C)OC(=O)C(C)(C)Oc1ccc(C(=O)c2ccc(Cl)cc2)cc1
DB01041,O=C1CCC(N2C(=O)c3ccccc3C2=O)C(=O)N1
DB01043,CC12CC3CC(C)(C1)CC(N)(C3)C2
DB01045,COC1C=COC2(C)Oc3c(C)c(O)c4c(O)c(c(C=NN5CCN(C)CC5)c(O)c4c3C2=O)NC(=O)C(C)=CC=CC(C)C(O)C(C)C(O)C(C)C(OC(C)=O)C1C
DB01046,CCCCC(F)(F)C1(O)CCC2C(CC(=O)C2CCCCCCC(=O)O)O1
DB01047,CC(=O)OCC(=O)C12OC(C)(C)OC1CC1C3CC(F)C4=CC(=O)C=CC4(C)C3(F)C(O)CC12C
DB01048,Nc1nc(NC2CC2)c2ncn(C3C=CC(CO)C3)c2n1
DB01050,CC(C)Cc1ccc(C(C)C(=O)O)cc1
DB01053,CC1(C)SC2C(NC(=O)Cc3ccccc3)C(=O)N2C1C(=O)O
DB01054,CCOC(=O)C1=C(C)NC(C)=C(C(=O)OC)C1c1cccc([N+](=O)[O-])c1
DB01056,Cc1cccc(C)c1NC(=O)C(C)N
DB01057,CCOP(=O)(OCC)SCC[N+](C)(C)C
DB01059,CCn1cc(C(=O)O)c(=O)c2cc(F)c(N3CCNCC3)cc21
DB01062,CCN(CC)CC#CCOC(=O)C(O)(c1ccccc1)C1CCCCC1
DB01063,CC(=O)c1ccc2c(c1)N(CCCN1CCN(CCO)CC1)c1ccccc1S2
DB01064,CC(C)NCC(O)c1ccc(O)c(O)c1
DB01065,COc1ccc2[nH]cc(CCNC(C)=O)c2c1
DB01067,Cc1cnc(C(=O)NCCc2ccc(S(=O)(=O)NC(=O)NC3CCCCC3)cc2)cn1
DB01068,O=C1CN=C(c2ccccc2Cl)c2cc([N+](=O)[O-])ccc2N1
DB01069,CC(CN1c2ccccc2Sc2ccccc21)N(C)C
DB01070,CC1CCC(O)CC1=CC=C1CCCC2(C)C1CCC2C(C)C=CC(C)C(C)C
DB01073,Nc1nc(F)nc2c1ncn2C1OC(CO)C(O)C1O
DB01074,C1CCC(C(CC2CCCCN2)C2CCCCC2)CC1
DB01075,CN(C)CCOC(c1ccccc1)c1ccccc1
DB01076,CC(C)c1c(C(=O)Nc2ccccc2)c(-c2ccccc2)c(-c2ccc(F)cc2)n1CCC(O)CC(O)CC(=O)O
DB01077,CC(O)(P(=O)(O)O)P(=O)(O)O
DB01078,CC1OC(OC2CCC3(C)C(CCC4C3CC(O)C3(C)C(C5=CC(=O)OC5)CCC43O)C2)CC(O)C1OC1CC(O)C(OC2CC(O)C(OC3OC(CO)C(O)C(O)C3O)C(C)O2)C(C)O1
DB01079,CCCCCNC(=N)NN=Cc1c[nH]c2ccc(OC)cc12
DB01080,C=CC(N)CCC(=O)O
DB01081,CCOC(=O)C1(c2ccccc2)CCN(CCC(C#N)(c2ccccc2)c2ccccc2)CC1
DB01082,CNC1C(OC2C(OC3C(O)C(O)C(NC(=N)N)C(O)C3NC(=N)N)OC(C)C2(O)C=O)OC(CO)C(O)C1O
DB01083,CCCCCCCCCCCC(CC1OC(=O)C1CCCCCC)OC(=O)C(CC(C)C)NC=O
DB01084,CCOCCn1c(N2CCCN(C)CC2)nc2ccccc21
DB01085,CCC1C(=O)OCC1Cc1cncn1C
DB01086,CCOC(=O)c1ccc(N)cc1
DB01087,COc1cc(NC(C)CCCN)c2ncccc2c1
DB01088,CC#CCC(C)C(O)C=CC1C(O)CC2CC(=CCCCC(=O)O)CC21
DB01089,COC(=O)C1C2CC3c4[nH]c5ccccc5c4CCN3CC2CC(OC(=O)c2cc(OC)c(OC)c(OC)c2)C1OC
DB01090,C[N+]1(CCCCC[N+]2(C)CCCC2)CCCC1
DB01091,CN(Cc1ccc(C(C)(C)C)cc1)Cc1cccc2ccccc12
DB01092,CC1OC(OC2CC(O)C3(CO)C4C(O)CC5(C)C(C6=CC(=O)OC6)CCC5(O)C4CCC3(O)C2)C(O)C(O)C1O
DB01095,CC(C)n1c(C=CC(O)CC(O)CC(=O)O)c(-c2ccc(F)cc2)c2ccccc21
DB01097,Cc1oncc1C(=O)Nc1ccc(C(F)(F)F)cc1
DB01098,CC(C)c1nc(N(C)S(C)(=O)=O)nc(-c2ccc(F)cc2)c1C=CC(O)CC(O)CC(=O)O
DB01099,Nc1[nH]c(=O)ncc1F
DB01100,O=c1[nH]c2ccccc2n1C1CCN(CCCC(c2ccc(F)cc2)c2ccc(F)cc2)CC1
DB01101,CCCCCOC(=O)Nc1nc(=O)n(C2OC(C)C(O)C2O)cc1F
DB01102,Oc1ccc(CCCCNCC(O)c2ccc(O)c(O)c2)cc1
DB01104,CNC1CCC(c2ccc(Cl)c(Cl)c2)c2ccccc21
DB01105,CC(C)CC(N(C)C)C1(c2ccc(Cl)cc2)CCC1
DB01106,CC1CN(C2CCC(C#N)(c3ccc(F)cc3)CC2)CCC1(C(=O)O)c1ccccc1
DB01107,CCC1(CC)C(=O)NCC(C)C1=O
DB01108,CC12CCC3C(CCC45OC4C(O)=C(C#N)CC35C)C1CCC2O
DB01110,Clc1ccc(COC(Cn2ccnc2)c2ccc(Cl)cc2Cl)c(Cl)c1
DB01113,COc1ccc(Cc2nccc3cc(OC)c(OC)cc23)cc1OC
DB01114,CN(C)CCC(c1ccc(Cl)cc1)c1ccccn1
DB01115,COC(=O)C1=C(C)NC(C)=C(C(=O)OC)C1c1ccccc1[N+](=O)[O-]
DB01116,O=C1N(Cc2ccccc2)C2C[S+]3CCCC3C2N1Cc1ccccc1
DB01117,O=C1C(O)=C(C2CCC(c3ccc(Cl)cc3)CC2)C(=O)c2ccccc21
DB01118,CCCCc1oc2ccccc2c1C(=O)c1cc(I)c(OCCN(CC)CC)c(I)c1
DB01119,CC1=NS(=O)(=O)c2cc(Cl)ccc2N1
DB01120,Cc1ccc(S(=O)(=O)NC(=O)NN2CC3CCCC3C2)cc1
DB01121,NC(=O)NC(=O)Cc1ccccc1
DB01122,CC[N+](CC)(CCNC(=O)C(=O)NCC[N+](CC)(CC)Cc1ccccc1Cl)Cc1ccccc1Cl
DB01123,Nc1ccc2cc3ccc(N)cc3nc2c1
DB01124,CCCCNC(=O)NS(=O)(=O)c1ccc(C)cc1
DB01125,COc1ccc(C2C(=O)c3ccccc3C2=O)cc1
DB01126,CC12C=CC(=O)NC1CCC1C2CCC2(C)C(C(=O)Nc3cc(C(F)(F)F)ccc3C(F)(F)F)CCC12
DB01127,Clc1ccc(COC(Cn2ccnc2)c2ccc(Cl)cc2Cl)cc1
DB01128,CC(O)(CS(=O)(=O)c1ccc(F)cc1)C(=O)Nc1ccc(C#N)c(C(F)(F)F)c1
DB01129,COCCCOc1ccnc(C[S+]([O-])c2nc3ccccc3[nH]2)c1C
DB01130,CCOC(=O)OC1(C(=O)COC(=O)CC)CCC2C3CCC4=CC(=O)C=CC4(C)C3C(O)CC21C
DB01131,CC(C)NC(=N)NC(=N)Nc1ccc(Cl)cc1
DB01132,CCc1ccc(CCOc2ccc(CC3SC(=O)NC3=O)cc2)nc1
DB01133,O=P(O)(O)C(Sc1ccc(Cl)cc1)P(=O)(O)O
DB01134,CC(C)(C)C(=O)OCC(=O)C1CCC2C3CCC4=CC(=O)CCC4(C)C3CCC12C
DB01135,COc1cc(CC2c3c(cc(OC)c(OC)c3OC)CC[N+]2(C)CCCOC(=O)CCC(=O)OCCC[N+]2(C)CCc3cc(OC)c(OC)c(OC)c3C2Cc2cc(OC)c(OC)c(OC)c2)cc(OC)c1OC
DB01136,COc1ccccc1OCCNCC(O)COc1cccc2[nH]c3ccccc3c12
DB01137,CC1COc2c(N3CCN(C)CC3)c(F)cc3c(=O)c(C(=O)O)cn1c23
DB01138,O=C1C(CC[S+]([O-])c2ccccc2)C(=O)N(c2ccccc2)N1c1ccccc1
DB01142,CN(C)CCC=C1c2ccccc2COc2ccccc21
DB01143,NCCCNCCSP(=O)(O)O
DB01144,NS(=O)(=O)c1cc(Cl)c(Cl)c(S(N)(=O)=O)c1
DB01146,CN1CCC(OC(c2ccccc2)c2ccccc2)CC1
DB01148,Cc1c(-c2ccccc2)oc2c(C(=O)OCCN3CCCCC3)cccc2c1=O
DB01149,CCc1nn(CCCN2CCN(c3cccc(Cl)c3)CC2)c(=O)n1CCOc1ccccc1
DB01151,CNCCCN1c2ccccc2CCc2ccccc21
DB01154,C=CCC1(C(C)CCC)C(=O)NC(=S)NC1=O
DB01156,CC(NC(C)(C)C)C(=O)c1cccc(Cl)c1
DB01157,COc1cc(NCc2ccc3nc(N)nc(N)c3c2C)cc(OC)c1OC
DB01158,CC[N+](C)(C)Cc1ccccc1Br
DB01159,FC(F)(F)C(Cl)Br
DB01160,CCCCCC(O)C=CC1C(O)CC(O)C1CC=CCCCC(=O)O
DB01161,CCN(CC)CCOC(=O)c1ccc(N)cc1Cl
DB01162,COc1cc2nc(N3CCN(C(=O)C4CCCO4)CC3)nc(N)c2cc1OC
DB01165,CC1COc2c(N3CCN(C)CC3)c(F)cc3c(=O)c(C(=O)O)cn1c23
DB01166,O=C1CCc2cc(OCCCCc3nnnn3C3CCCCC3)ccc2N1
DB01167,CCC(C)n1ncn(-c2ccc(N3CCN(c4ccc(OCC5COC(Cn6cncn6)(c6ccc(Cl)cc6Cl)O5)cc4)CC3)cc2)c1=O
DB01168,CNNCc1ccc(C(=O)NC(C)C)cc1
DB01170,NC(N)=NCCN1CCCCCCC1
DB01171,O=C(NCCN1CCOCC1)c1ccc(Cl)cc1
DB01173,Cc1ccccc1C(OCCN(C)C)c1ccccc1
DB01174,CCC1(c2ccccc2)C(=O)NC(=O)NC1=O
DB01175,CN(C)CCCC1(c2ccc(F)cc2)OCc2cc(C#N)ccc21
DB01176,CN1CCN(C(c2ccccc2)c2ccccc2)CC1
DB01177,CC(=O)C1(O)Cc2c(O)c3c(c(O)c2C(OC2CC(N)C(O)C(C)O2)C1)C(=O)c1ccccc1C3=O
DB01178,CN1C(=O)CCS(=O)(=O)C1c1ccc(Cl)cc1
DB01179,COc1cc(C2c3cc4c(cc3C(O)C3COC(=O)C23)OCO4)cc(OC)c1OC
DB01180,COC(=O)C1C2CC3c4[nH]c5cc(OC)ccc5c4CCN3CC2CC(OC(=O)C=Cc2cc(OC)c(OC)c(OC)c2)C1OC
DB01181,O=P1(NCCCl)OCCCN1CCCl
DB01182,CCCNCC(O)COc1ccccc1C(=O)CCc1ccccc1
DB01183,C=CCN1CCC23c4c5ccc(O)c4OC2C(=O)CCC3(O)C1C5
DB01184,O=c1[nH]c2ccccc2n1CCCN1CCC(n2c(=O)[nH]c3cc(Cl)ccc32)CC1
DB01185,CC1(O)CCC2C3CCC4=CC(=O)CCC4(C)C3(F)C(O)CC21C
DB01186,CCCN1CC(CSC)CC2c3cccc4[nH]cc(c34)CC21
DB01188,Cc1cc(C2CCCCC2)n(O)c(=O)c1
DB01189,FC(F)OC(F)C(F)(F)F
DB01191,CCNC(C)Cc1cccc(C(F)(F)F)c1
DB01192,CN1CCC23c4c5ccc(O)c4OC2C(=O)CCC3(O)C1C5
DB01193,CCCC(=O)Nc1ccc(OCC(O)CNC(C)C)c(C(C)=O)c1
DB01194,CCNC1CN(CCCOC)S(=O)(=O)c2sc(S(N)(=O)=O)cc21
DB01195,O=C(NCC1CCCCN1)c1cc(OCC(F)(F)F)ccc1OCC(F)(F)F
DB01196,CC12CCC3c4ccc(OC(=O)N(CCCl)CCCl)cc4CCC3C1CCC2O
DB01197,CC(CS)C(=O)N1CCCC1C(=O)O
DB01198,CN1CCN(C(=O)OC2c3nccnc3C(=O)N2c2ccc(Cl)cn2)CC1
DB01199,COc1cc2c3cc1Oc1cc(ccc1O)CC1c4c(cc(OC)c(O)c4Oc4ccc(cc4)CC3N(C)CC2)CC[N+]1(C)C
DB01200,CC(C)CC1C(=O)N2CCCC2C2(O)OC(NC(=O)C3C=C4c5cccc6[nH]c(Br)c(c56)CC4N(C)C3)(C(C)C)C(=O)N12
DB01202,CCC(C(N)=O)N1CCCC1=O
DB01203,CC(C)(C)NCC(O)COc1cccc2c1CC(O)C(O)C2
DB01204,O=C1c2c(O)ccc(O)c2C(=O)c2c(NCCNCCO)ccc(NCCNCCO)c21
DB01205,CCOC(=O)c1ncn2c1CN(C)C(=O)c1cc(F)ccc1-2
DB01206,O=NN(CCCl)C(=O)NC1CCCCC1
DB01208,CC1CN(c2c(F)c(N)c3c(=O)c(C(=O)O)cn(C4CC4)c3c2F)CC(C)N1
DB01209,CC12CCCCCC(Cc3ccc(O)cc31)C2N
DB01210,CC(C)(C)NCC(O)COc1cccc2c1CCCC2=O
DB01211,CCC1OC(=O)C(C)C(OC2CC(C)(OC)C(O)C(C)O2)C(C)C(OC2OC(C)CC(N(C)C)C2O)C(C)(OC)CC(C)C(=O)C(C)C(O)C1(C)O
DB01212,CON=C(C(=O)NC1C(=O)N2C(C(=O)O)=C(CSc3nc(=O)c(=O)[nH]n3C)CSC12)c1csc(N)n1
DB01213,Cc1cn[nH]c1
DB01214,CC(=O)Oc1c(C)cc(OCC(O)CNC(C)C)c(C)c1C
DB01215,Clc1ccc2c(c1)C(c1ccccc1)=NCc1nncn1-2
DB01216,CC(C)(C)NC(=O)C1CCC2C3CCC4NC(=O)C=CC4(C)C3CCC12C
DB01217,CC(C)(C#N)c1cc(Cn2cncn2)cc(C(C)(C)C#N)c1
DB01218,CCCCN(CCCC)CCC(O)c1cc2c(Cl)cc(Cl)cc2c2cc(C(F)(F)F)ccc12
DB01219,O=C1CN(N=Cc2ccc(-c3ccc([N+](=O)[O-])cc3)o2)C(=O)N1
DB01220,COC1C=COC2(C)Oc3c(C)c(O)c4c(O)c(c5c(nc6cc(C)ccn65)c4c3C2=O)NC(=O)C(C)=CC=CC(C)C(O)C(C)C(O)C(C)C(OC(C)=O)C1C
DB01221,CNC1(c2ccccc2Cl)CCCCC1=O
DB01222,CCCC1OC2CC3C4CCC5=CC(=O)C=CC5(C)C4C(O)CC3(C)C2(C(=O)CO)O1
DB01223,Cn1c(=O)c2[nH]cnc2n(C)c1=O
DB01224,OCCOCCN1CCN(C2=Nc3ccccc3Sc3ccccc32)CC1
DB01226,COc1cc2c(cc1OC)C(Cc1cc(OC)c(OC)c(OC)c1)[N+](C)(CCCOC(=O)CCC=CCCC(=O)OCCC[N+]1(C)CCc3cc(OC)c(OC)cc3C1Cc1cc(OC)c(OC)c(OC)c1)CC2
DB01227,CCC(OC(C)=O)C(CC(C)N(C)C)(c1ccccc1)c1ccccc1
DB01228,COc1ccc(C(=O)Nc2ccccc2CCC2CCCCN2C)cc1
DB01229,CC(=O)OC1C(=O)C2(C)C(O)CC3OCC3(OC(C)=O)C2C(OC(=O)c2ccccc2)C2(O)CC(OC(=O)C(O)C(NC(=O)c3ccccc3)c3ccccc3)C(C)=C1C2(C)C
DB01231,OC(CCCN1CCCCC1)(c1ccccc1)c1ccccc1
DB01233,CCN(CC)CCNC(=O)c1cc(Cl)c(N)cc1OC
DB01234,CC1CC2C3CCC4=CC(=O)C=CC4(C)C3(F)C(O)CC2(C)C1(O)C(=O)CO
DB01235,NC(Cc1ccc(O)c(O)c1)C(=O)O
DB01236,FCOC(C(F)(F)F)C(F)(F)F
DB01237,CN(C)CCOC(c1ccccc1)c1ccc(Br)cc1
DB01238,O=C1CCc2ccc(OCCCCN3CCN(c4cccc(Cl)c4Cl)CC3)cc2N1
DB01240,CCCCCC(O)C=CC1C(O)CC2OC(=CCCCC(=O)O)CC21
DB01241,Cc1ccc(C)c(OCCCC(C)(C)C(=O)O)c1
DB01242,CN(C)CCCN1c2ccccc2CCc2ccc(Cl)cc21
DB01244,CC(C)COCC(CN(Cc1ccccc1)c1ccccc1)N1CCCC1
DB01245,C[N+](C)(C)CCCCCCCCCC[N+](C)(C)C
DB01246,CC(CN(C)C)CN1c2ccccc2Sc2ccccc21
DB01247,Cc1cc(C(=O)NNCc2ccccc2)no1
DB01248,CC(=O)OC12COC1CC(O)C1(C)C(=O)C(O)C3=C(C)C(OC(=O)C(O)C(NC(=O)OC(C)(C)C)c4ccccc4)CC(O)(C(OC(=O)c4ccccc4)C21)C3(C)C
DB01250,O=C(O)c1cc(N=Nc2ccc(O)c(C(=O)O)c2)ccc1O
DB01251,COc1ccc2c(c1)C(=O)N(CCc1ccc(S(=O)(=O)NC(=O)NC3CCCCC3)cc1)C(=O)C2(C)C
DB01253,CC(CO)NC(=O)C1C=C2c3cccc4[nH]cc(c34)CC2N(C)C1
DB01254,Cc1nc(Nc2ncc(C(=O)Nc3c(C)cccc3Cl)s2)cc(N2CCN(CCO)CC2)n1
DB01255,CC(Cc1ccccc1)NC(=O)C(N)CCCCN
DB01259,CS(=O)(=O)CCNCc1ccc(-c2ccc3ncnc(Nc4ccc(OCc5cccc(F)c5)c(Cl)c4)c3c2)o1
DB01260,CC1(C)OC2CC3C4CCC5=CC(=O)C=CC5(C)C4C(O)CC3(C)C2(C(=O)CO)O1
DB01261,NC(CC(=O)N1CCn2c(nnc2C(F)(F)F)C1)Cc1cc(F)c(F)cc1F
DB01262,Nc1ncn(C2CC(O)C(CO)O2)c(=O)n1
DB01267,Cc1nc2n(c(=O)c1CCN1CCC(c3noc4cc(F)ccc34)CC1)CCCC2O
DB01268,CCN(CC)CCNC(=O)c1c(C)[nH]c(C=C2C(=O)Nc3ccc(F)cc32)c1C
DB01273,c1cnc2cc3c(cc2n1)C1CNCC3C1
DB01274,COc1ccc(CC(C)NCC(O)c2ccc(O)c(NC=O)c2)cc1
DB01275,NNc1nncc2ccccc12
DB01278,CCC(C)C(NC(=O)C1CCCN1C(=O)CNC(=O)C(Cc1ccccc1)NC(=O)C(CC(N)=O)NC(=O)C(CC(N)=O)NC(=O)C(CO)NC(=O)C(CO)NC(=O)C(Cc1cnc[nH]1)NC(=O)C(NC(=O)C(CC(C)C)NC(=O)C(Cc1ccccc1)NC(=O)C(CC(N)=O)NC(=O)C(C)NC(=O)C(CC(C)C)NC(=O)C(CCCNC(=N)N)NC(=O)C(CCC(N)=O)NC(=O)C(NC(=O)C(C)NC(=O)C1CSSCC(NC(=O)C(N)CCCCN)C(=O)NC(CC(N)=O)C(=O)NC(C(C)O)C(=O)NC(C)C(=O)NC(C(C)O)C(=O)N1)C(C)O)C(C)C)C(=O)NC(CC(C)C)C(=O)N1CCCC1C(=O)N1CCCC1C(=O)NC(C(=O)NC(CC(N)=O)C(=O)NC(C(=O)NCC(=O)NC(CO)C(=O)NC(CC(N)=O)C(=O)NC(C(=O)NC(Cc1ccc(O)cc1)C(N)=O)C(C)O)C(C)C)C(C)O
DB01280,COc1nc(N)nc2c1ncn2C1OC(CO)C(O)C1O
DB01282,CCC(C)C1NC(=O)C(Cc2ccc(OC)cc2)NC(=O)CCCSCC(C(=O)N2CCCC2C(=O)NC(CC(C)C)C(=O)NCC(N)=O)NC(=O)C(CC(N)=O)NC(=O)C(CCC(N)=O)NC1=O
DB01283,Cc1ccc(Nc2c(F)cccc2Cl)c(CC(=O)O)c1
DB01284,CSCCC(NC(=O)C(CO)NC(=O)C(Cc1ccc(O)cc1)NC(=O)C(N)CO)C(=O)NC(CCC(=O)O)C(=O)NC(Cc1cnc[nH]1)C(=O)NC(Cc1ccccc1)C(=O)NC(CCCNC(=N)N)C(=O)NC(Cc1c[nH]c2ccccc12)C(=O)NCC(=O)NC(CCCCN)C(=O)N1CCCC1C(=O)NC(C(=O)NCC(=O)NC(CCCCN)C(=O)NC(CCCCN)C(=O)NC(CCCNC(=N)N)C(=O)NC(CCCNC(=N)N)C(=O)N1CCCC1C(=O)NC(C(=O)NC(CCCCN)C(=O)NC(C(=O)NC(Cc1ccc(O)cc1)C(=O)N1CCCC1C(=O)O)C(C)C)C(C)C)C(C)C
DB01288,CC(Cc1ccc(O)cc1)NCC(O)c1cc(O)cc(O)c1
DB01291,CC(C)(C)NCC(O)c1ccc(O)c(CO)n1
DB01296,NC1C(O)OC(CO)C(O)C1O
DB01297,CC(=O)Nc1ccc(OCC(O)CNC(C)C)cc1
DB01303,C[N+](C)(C)CCO
DB01320,O=C1NC(c2ccccc2)(c2ccccc2)C(=O)N1COP(=O)(O)O
DB01324,CN1C(CSCC(F)(F)F)Nc2cc(Cl)c(S(N)(=O)=O)cc2S1(=O)=O
DB01325,CCC1NC(=O)c2cc(S(N)(=O)=O)c(Cl)cc2N1
DB01327,Cc1nnc(SCC2=C(C(=O)O)N3C(=O)C(NC(=O)Cn4cnnn4)C3SC2)s1
DB01336,COc1ccc2cc1Oc1cc3c(cc1OC)CC[N+](C)(C)C3Cc1ccc(cc1)Oc1c(OC)c(OC)cc3c1C(C2)[N+](C)(C)CC3
DB01337,CC(=O)OC1CC2CCC3C(CCC4(C)C3CC([N+]3(C)CCCCC3)C4OC(C)=O)C2(C)CC1[N+]1(C)CCCCC1
DB01338,CC(=O)OC1CC2CCC3C(CCC4(C)C3CC(N3CC[N+](C)(C)CC3)C4OC(C)=O)C2(C)CC1N1CC[N+](C)(C)CC1
DB01339,CC(=O)OC1CC2CCC3C(CCC4(C)C3CC([N+]3(C)CCCCC3)C4OC(C)=O)C2(C)CC1N1CCCCC1
DB01340,CCOC(=O)C(CCc1ccccc1)NC1CCCN2CCCC(C(=O)O)N2C1=O
DB01346,C=CC1CN2CCC1CC2C(O)c1ccnc2ccc(OC)cc12
DB01348,CCOC(=O)C(CCc1ccccc1)NC(C)C(=O)N1CC2(CC1C(=O)O)SCCS2
DB01351,CCC1(CCC(C)C)C(=O)NC(=O)NC1=O
DB01353,CCCCC1(CC)C(=O)NC(=O)NC1=O
DB01357,C#CC1(O)CCC2C3CCc4cc(OC)ccc4C3CCC21C
DB01359,CC(C)(C)NCC(O)COc1ccccc1C1CCCC1
DB01364,CNC(C)C(O)c1ccccc1
DB01365,CNC(C)(C)Cc1ccccc1
DB01366,CCC(NC(C)C)C(O)c1ccc(O)c2[nH]c(=O)ccc12
DB01367,C#CCNC1CCc2ccccc21
DB01380,CC(=O)OCC(=O)C1(O)CCC2C3CCC4=CC(=O)CCC4(C)C3C(=O)CC21C
DB01382,COCCOc1cnc(NS(=O)(=O)c2ccccc2)nc1
DB01392,COC(=O)C1C(O)CCC2CN3CCc4c([nH]c5ccccc45)C3CC21
DB01393,CC(C)(Oc1ccc(CCNC(=O)c2ccc(Cl)cc2)cc1)C(=O)O
DB01394,COc1cc2c(c(OC)c1OC)-c1ccc(OC)c(=O)cc1C(NC(C)=O)CC2
DB01395,CC12CCC(=O)C=C1C1CC1C1C2CCC2(C)C1C1CC1C21CCC(=O)O1
DB01396,CC1OC(OC2C(O)CC(OC3C(O)CC(OC4CCC5(C)C(CCC6C5CCC5(C)C(C7=CC(=O)OC7)CCC65O)C4)OC3C)OC2C)CC(O)C1O
DB01399,O=C(Oc1ccccc1C(=O)O)c1ccccc1O
DB01400,CN(C)C(=O)Oc1cccc([N+](C)(C)C)c1
DB01401,C[N+](C)(C)CCO
DB01403,COc1ccc2c(c1)N(CC(C)CN(C)C)c1ccccc1S2
DB01406,C#CC1(O)CCC2C3CCC4=Cc5oncc5CC4(C)C3CCC21C
DB01407,CC(C)(C)NCC(O)c1cc(Cl)c(N)c(Cl)c1
DB01409,C[N+]1(C)C2CC(OC(=O)C(O)(c3cccs3)c3cccs3)CC1C1OC12
DB01410,CC(C)C(=O)OCC(=O)C12OC(C3CCCCC3)OC1CC1C3CCC4=CC(=O)C=CC4(C)C3C(O)CC12C
DB01418,CC(=O)CC(c1ccc([N+](=O)[O-])cc1)c1c(O)c2ccccc2oc1=O
DB01419,O=C(OCCN1CCN(c2cccc(C(F)(F)F)c2)CC1)c1ccccc1Nc1ccnc2cc(C(F)(F)F)ccc12
DB01420,CCC(=O)OC1CCC2C3CCC4=CC(=O)CCC4(C)C3CCC12C
DB01426,CCC1C2CC3C4N(C)c5ccccc5C45CC(C2C5O)N3C1O
DB01427,Nc1cc(-c2ccncc2)c[nH]c1=O
DB01428,COc1ccc(C(=O)c2ccccc2)c(O)c1
DB01430,C=CCNc1nc(NCC=C)nc(N2CCN(C(c3ccc(F)cc3)c3ccc(F)cc3)CC2)n1
DB01435,Cc1cc(=O)n(-c2ccccc2)n1C
DB01436,C=C1C(=CC=C2CCCC3(C)C2CCC3C(C)CCCC(C)C)CC(O)CC1O
DB01437,CCC1(c2ccccc2)CCC(=O)NC1=O
DB01438,Nc1ccc(N=Nc2ccccc2)c(N)n1
DB01440,O=C(O)CCCO
DB01452,CC(=O)Oc1ccc2c3c1OC1C(OC(C)=O)C=CC4C(C2)N(C)CCC341
DB01497,CCCC(C)(O)C1CC23C=CC1(OC)C1Oc4c(O)ccc5c4C12CCN(C)C3C5
DB01535,CCC(=O)N(c1ccccc1)C1(C(=O)OC)CCN(CCc2ccccc2)CC1
DB01541,CC12C=CC(=O)C=C1CCC1C2CCC2(C)C(O)CCC12
DB01544,CN1C(=O)CN=C(c2ccccc2F)c2cc([N+](=O)[O-])ccc21
DB01548,COC12CCC3(CC1C(C)(C)O)C1Cc4ccc(O)c5c4C3(CCN1CC1CC1)C2O5
DB01558,O=C1CN=C(c2ccccn2)c2cc(Br)ccc2N1
DB01559,CCc1cc2c(s1)N(C)C(=O)CN=C2c1ccccc1Cl
DB01576,CC(N)Cc1ccccc1
DB01577,CNC(C)Cc1ccccc1
DB01579,CC1C(c2ccccc2)OCCN1C
DB01580,C=CCOc1ccccc1OCC(O)CNC(C)C
DB01583,NC(Cc1cc(I)c(Oc2cc(I)c(O)c(I)c2)c(I)c1)C(=O)O
DB01586,CC(CCC(=O)O)C1CCC2C3C(O)CC4CC(O)CCC4(C)C3CCC12C
DB01587,CC1=CC(=O)N2CC(=O)N(C)c3ccc(Cl)cc3C2(c2ccccc2)O1
DB01588,O=C1CN=C(c2ccccc2)c2cc(Cl)ccc2N1CC1CC1
DB01589,Fc1ccccc1C1=NCC(=S)N(CC(F)(F)F)c2ccc(Cl)cc21
DB01590,COC1CC2CCC(C)C(O)(O2)C(=O)C(=O)N2CCCCC2C(=O)OC(C(C)CC2CCC(OCCO)C(OC)C2)CC(=O)C(C)C=C(C)C(O)C(OC)C(=O)C(C)CC(C)C=CC=CC=C1C
DB01591,O=C(OC1CN2CCC1CC2)N1CCc2ccccc2C1c1ccccc1
DB01595,O=C1CN=C(c2ccccc2)c2cc([N+](=O)[O-])ccc2N1
DB01597,CC1(C)CC1C(=O)NC(=CCCCCSCC(N)C(=O)O)C(=O)O
DB01599,CC(C)(Sc1cc(C(C)(C)C)c(O)c(C(C)(C)C)c1)Sc1cc(C(C)(C)C)c(O)c(C(C)(C)C)c1
DB01600,CC(C(=O)O)c1ccc(C(=O)c2ccccc2)s1
DB01608,N#Cc1ccc2c(c1)N(CCCN1CCC(O)CC1)c1ccccc1S2
DB01611,CCN(CCO)CCCC(C)Nc1ccnc2cc(Cl)ccc12
DB01612,CCCCCON=O
DB01613,O=[N+]([O-])OCC(O[N+](=O)[O-])C(CO[N+](=O)[O-])O[N+](=O)[O-]
DB01614,CC(=O)c1ccc2c(c1)N(CCCN(C)C)c1ccccc1S2
DB01616,CCN(CCCc1ccccc1)CCCc1ccccc1
DB01618,CCc1c(C)[nH]c2c1C(=O)C(CN1CCOCC1)CC2
DB01619,CN1CCC2=C(C1)C(c1ccccc1)c1ccccc12
DB01620,CN(C)CCC(c1ccccc1)c1ccccn1
DB01621,CN(C)S(=O)(=O)c1ccc2c(c1)N(CCCN1CCC(CCO)CC1)c1ccccc1S2
DB01623,CN1CCN(CCC=C2c3ccccc3Sc3ccc(S(=O)(=O)N(C)C)cc32)CC1
DB01624,OCCN1CCN(CCC=C2c3ccccc3Sc3ccc(Cl)cc32)CC1
DB01625,CC(C)[N+](C)(CCC(C(N)=O)(c1ccccc1)c1ccccc1)C(C)C
DB01626,C#CCN(C)Cc1ccccc1
DB01628,Cc1ccc(-c2ncc(Cl)cc2-c2ccc(S(C)(=O)=O)cc2)cn1
DB01632,O=P(O)(O)OCC1OC(OP(=O)(O)OP(=O)(O)O)C(O)C1O
DB01656,O=C(Nc1c(Cl)cncc1Cl)c1ccc(OC(F)F)c(OCC2CC2)c1
DB01698,CC1OC(OCC2OC(Oc3c(-c4ccc(O)c(O)c4)oc4cc(O)cc(O)c4c3=O)C(O)C(O)C2O)C(O)C(O)C1O
DB01708,CC12CCC3C(CC=C4CC(O)CCC43C)C1CCC2=O
DB01744,CC12CCC(CC1=O)C2(C)C
DB01956,NCCS(=O)(=O)O
DB02266,O=C(O)c1ccccc1Nc1cccc(C(F)(F)F)c1
DB02300,C=C1C(=CC=C2CCCC3(C)C2CCC3C(C)C=CC(O)C2CC2)CC(O)CC1O
DB02530,NCCCC(=O)O
DB02546,O=C(CCCCCCC(=O)Nc1ccccc1)NO
DB02638,NCCCCC(NC(=O)C1CCCN1C(=O)C1CSSCC(NC(=O)CNC(=O)CNC(=O)CN)C(=O)NC(Cc2ccc(O)cc2)C(=O)NC(Cc2ccccc2)C(=O)NC(CCC(N)=O)C(=O)NC(CC(N)=O)C(=O)N1)C(=O)NCC(N)=O
DB02659,CC(CCC(=O)O)C1CCC2C3C(O)CC4CC(O)CCC4(C)C3CC(O)C12C
DB02701,NC(=O)c1cccnc1
DB02709,Oc1ccc(C=Cc2cc(O)cc(O)c2)cc1
DB02772,OCC1OC(OC2(CO)OC(CO)C(O)C2O)C(O)C(O)C1O
DB02789,CC(=O)C1CCC2C3CC=C4CC(O)CCC4(C)C3CCC12C
DB02893,CSCCC(N)C(=O)O
DB02925,NS(=O)(=O)c1cc(C(=O)O)cc(N2CCCC2)c1Oc1ccccc1
DB03006,Nc1ccc([As](=O)(O)O)cc1
DB03017,CCCCCCCCCCCC(=O)O
DB03088,O=C1CCC(C(=O)O)N1
DB03128,CC(=O)OCC[N+](C)(C)C
DB03147,Cc1cc2nc3c(=O)[nH]c(=O)nc-3n(CC(O)C(O)C(O)COP(=O)(O)OP(=O)(O)OCC3OC(n4cnc5c(N)ncnc54)C(O)C3O)c2cc1C
DB03193,CCCCCCCCCCCCCCCCCC(=O)O
DB03247,Cc1cc2nc3c(=O)[nH]c(=O)nc-3n(CC(O)C(O)C(O)COP(=O)(O)O)c2cc1C
DB03255,Oc1ccccc1
DB03310,NC(CCC(=O)NC(CSSCC(NC(=O)CCC(N)C(=O)O)C(=O)NCC(=O)O)C(=O)NCC(=O)O)C(=O)O
DB03585,CCCCC1C(=O)N(c2ccccc2)N(c2ccc(O)cc2)C1=O
DB03615,NCC1OC(OC2C(N)CC(N)C(O)C2OC2OC(CO)C(O)C2O)C(N)C(O)C1O
DB03619,CC(CCC(=O)O)C1CCC2C3CCC4CC(O)CCC4(C)C3CC(O)C12C
DB03754,NC(CO)(CO)CO
DB03756,CCC=CCC=CCC=CCC=CCC=CCC=CCCC(=O)O
DB03793,O=C(O)c1ccccc1
DB03796,CCCCCCCCCCCCCCCC(=O)O
DB03929,NC(CO)C(=O)O
DB04115,COc1ccc2cc3[n+](cc2c1OC)CCc1cc2c(cc1-3)OCO2
DB04173,OCC1OC(O)(CO)C(O)C1O
DB04209,Cc1cc(N)c2ccccc2[n+]1CCCCCCCCCC[n+]1c(C)cc(N)c2ccccc21
DB04224,CCCCCCCCC=CCCCCCCCC(=O)O
DB04272,O=C(O)CC(O)(CC(=O)O)C(=O)O
DB04339,NC(CSCC(=O)O)C(=O)O
DB04465,OCC1OC(OC2C(CO)OC(O)C(O)C2O)C(O)C(O)C1O
DB04540,CC(C)CCCC(C)C1CCC2C3CC=C4CC(O)CCC4(C)C3CCC12C
DB04564,O=C1OC(CO)C(O)C(O)C1O
DB04573,CC12CCC3c4ccc(O)cc4CCC3C1CC(O)C2O
DB04574,CC12CCC3c4ccc(OS(=O)(=O)O)cc4CCC3C1CCC2=O
DB04575,C#CC1(O)CCC2C3CCc4cc(OC5CCCC5)ccc4C3CCC21C
DB04657,CC1=C(C(=O)Nc2ccccc2)SCCO1
DB04703,COc1ccc(C2CC(=O)c3c(O)cc(OC4OC(COC5OC(C)C(O)C(O)C5O)C(O)C(O)C4O)cc3O2)cc1O
DB04743,CS(=O)(=O)Nc1ccc([N+](=O)[O-])cc1Oc1ccccc1
DB04794,c1ccc(-c2ccc(C(c3ccccc3)n3ccnc3)cc2)cc1
DB04817,Cc1c(N(C)CS(=O)(=O)O)c(=O)n(-c2ccccc2)n1C
DB04820,O=C(CCNNC(=O)c1ccncc1)NCc1ccccc1
DB04821,CN1Cc2c(N)cccc2C(c2ccccc2)C1
DB04824,O=C1OC(c2ccc(O)cc2)(c2ccc(O)cc2)c2ccccc21
DB04825,CC(Cc1ccccc1)NCCC(c1ccccc1)c1ccccc1
DB04832,CN(C)CC=C(c1ccc(Br)cc1)c1cccnc1
DB04834,C=CC[N+]1(C2CC3C4CCC5CC(OC(C)=O)C(N6CCCCC6)CC5(C)C4CCC3(C)C2OC(=O)CC)CCCCC1
DB04835,Cc1nnc(C(C)C)n1C1CC2CCC(C1)N2CCC(NC(=O)C1CCC(F)(F)CC1)c1ccccc1
DB04837,CN(C)CCC(O)(c1ccccc1)c1ccccc1Cl
DB04838,CC1CC(OC(=O)C(O)c2ccccc2)CC(C)(C)C1
DB04839,CC(=O)OC1(C(C)=O)CCC2C3C=C(Cl)C4=CC(=O)C5CC5C4(C)C3CCC21C
DB04840,N=C(N)N1CCc2ccccc2C1
DB04841,Fc1ccc(C(c2ccc(F)cc2)N2CCN(CC=Cc3ccccc3)CC2)cc1
DB04842,O=C1NCN(c2ccccc2)C12CCN(CCCC(c1ccc(F)cc1)c1ccc(F)cc1)CC2
DB04843,C[N+]1(C)CCCC(OC(=O)C(O)(c2ccccc2)c2ccccc2)C1
DB04844,COc1cc2c(cc1OC)C1CC(=O)C(CC(C)C)CN1CC2
DB04845,CC(=Cc1csc(C)n1)C1CC2OC2(C)CCCC(C)C(O)C(C)C(=O)C(C)(C)C(O)CC(=O)N1
DB04846,CCN(CC)C(=O)Nc1ccc(OCC(O)CNC(C)(C)C)c(C(C)=O)c1
DB04854,Cc1nc(-c2ccc(OCC(C)C)c(C#N)c2)sc1C(=O)O
DB04855,CCCCc1oc2ccc(NS(C)(=O)=O)cc2c1C(=O)c1ccc(OCCCN(CCCC)CCCC)cc1
DB04861,OC(CNCC(O)C1CCc2cc(F)ccc2O1)C1CCc2cc(F)ccc2O1
DB04864,CC=C1C2C=C(C)CC1(N)c1ccc(=O)[nH]c1C2
DB04865,COC(=O)CC(O)(CCCC(C)(C)O)C(=O)OC1C(OC)=CC23CCCN2CCc2cc4c(cc2C13)OCO4
DB04866,O=C(CC1NCCCC1O)Cn1cnc2cc(Br)c(Cl)cc2c1=O
DB04868,Cc1cn(-c2cc(NC(=O)c3ccc(C)c(Nc4nccc(-c5cccnc5)n4)c3)cc(C(F)(F)F)c2)cn1
DB04871,CC1CNCCc2ccc(Cl)cc21
DB04876,N#CC1CCCN1C(=O)CNC12CC3CC(CC(O)(C3)C1)C2
DB04880,CSc1ccc(C(=O)c2[nH]c(=O)[nH]c2C)cc1
DB04890,O=C(O)CCCN1CCC(OC(c2ccc(Cl)cc2)c2ccccn2)CC1
DB04896,CCN(CC)C(=O)C1(c2ccccc2)CC1CN
DB04898,CCOC(=O)CNC(C(=O)N1CCC1C(=O)NCc1ccc(C(N)=NO)cc1)C1CCCCC1
DB04908,O=c1[nH]c2ccccc2n1CCN1CCN(c2cccc(C(F)(F)F)c2)CC1
DB04910,CCCOc1ccc2nc(NC(=O)OC)[nH]c2c1
DB04920,CCCC(=O)OCOC(=O)C1=C(C)NC(C)=C(C(=O)OC)C1c1cccc(Cl)c1Cl
DB04930,CC1(C)C(C=C(Cl)Cl)C1C(=O)OCc1cccc(Oc2ccccc2)c1
DB04938,OCCOc1ccc(C(=C(CCCl)c2ccccc2)c2ccccc2)cc1
DB04946,COc1cc(C(C)=O)ccc1OCCCN1CCC(c2noc3cc(F)ccc23)CC1
DB04948,CC(Oc1c(Cl)cccc1Cl)C1=NCCN1
DB04951,Cc1ccc(=O)n(-c2ccccc2)c1
DB04953,CCOC(=O)Nc1ccc(NCc2ccc(F)cc2)cc1N
DB05013,CC=C(C)C(=O)OC1C(C)=CC23C(=O)C(C=C(CO)C(O)C12O)C1C(CC3C)C1(C)C
DB05015,O=C(C=Cc1cccc(S(=O)(=O)Nc2ccccc2)c1)NO
DB05018,OCC1NCC(O)C(O)C1O
DB05039,CCc1cc2c(cc1CC)CC(NCC(O)c1ccc(O)c3[nH]c(=O)ccc13)C2
DB05219,N#Cc1ccc(Oc2ccc3c(c2)COB3O)cc1
DB05239,O=C(c1ccc(F)c(F)c1Nc1ccc(I)cc1F)N1CC(O)(C2CCCCN2)C1
DB05246,CN1C(=O)CC(C)(c2ccccc2)C1=O
DB05271,CCCN(CCc1cccs1)C1CCc2c(O)cccc2C1
DB05294,COc1cc2c(Nc3ccc(Br)cc3F)ncnc2cc1OCC1CCN(C)CC1
DB05316,CC(C)COc1ccc(CNC(=O)N(Cc2ccc(F)cc2)C2CCN(C)CC2)cc1
DB05351,Cc1c(OCC(F)(F)F)ccnc1C[S+]([O-])c1nc2ccccc2[nH]1
DB05381,NCCc1c[nH]cn1
DB05521,CCCC(NC(=O)C1C2CCCC2CN1C(=O)C(NC(=O)C(NC(=O)c1cnccn1)C1CCCCC1)C(C)(C)C)C(=O)C(=O)NC1CC1
DB05541,CCCC1CC(=O)N(C(CC)C(N)=O)C1
DB05630,O=C(O)C1O[Sb]2(O)(O[Sb]34(O)OC(C(=O)O)C(O3)C(C(O)CO)O4)OC(C(O)CO)C1O2
DB05676,CCOc1cc(C(CS(C)(=O)=O)N2C(=O)c3cccc(N=C(C)O)c3C2=O)ccc1OC
DB05812,CC12CCC(O)CC1=CCC1C2CCC2(C)C(c3cccnc3)=CCC12
DB05990,CCC1C(O)C2C3CCC(C(C)CCC(=O)O)C3(C)CCC2C2(C)CCC(O)CC12
DB06016,CN(C)C(=O)NC1CCC(CCN2CCN(c3cccc(Cl)c3Cl)CC2)CC1
DB06144,O=C1NCCN1CCN1CCC(c2cn(-c3ccc(F)cc3)c3ccc(Cl)cc23)CC1
DB06148,CN1CCN2c3ccccc3Cc3ccccc3C2C1
DB06151,CC(=O)NC(CS)C(=O)O
DB06152,CC(CCc1ccccc1)NC(C)C(O)c1ccc(O)cc1
DB06153,CN1CCC(=C2c3ccccc3CCc3sccc32)CC1
DB06154,O=[N+]([O-])OCC(CO[N+](=O)[O-])(CO[N+](=O)[O-])CO[N+](=O)[O-]
DB06155,Cc1c(C(=O)NN2CCCCC2)nn(-c2ccc(Cl)cc2Cl)c1-c1ccc(Cl)cc1
DB06174,COc1ccc2c(c1OC)C(=O)OC2C1c2c(cc3c(c2OC)OCO3)CCN1C
DB06176,CC=C1NC(=O)C2CSSCCC=CC(CC(=O)NC(C(C)C)C(=O)N2)OC(=O)C(C(C)C)NC1=O
DB06196,NC(N)=NCCCC(N)C(=O)NC(CCCN=C(N)N)C(=O)N1CCCC1C(=O)N1CC(O)CC1C(=O)NCC(=O)NC(Cc1cccs1)C(=O)NC(CO)C(=O)N1Cc2ccccc2CC1C(=O)N1C(C(=O)NC(CCCN=C(N)N)C(=O)O)CC2CCCCC21
DB06201,NC(=O)c1cn(Cc2c(F)cccc2F)nn1
DB06202,Oc1ccc2c(c1)CCC(c1ccccc1)C2c1ccc(OCCN2CCCC2)cc1
DB06203,Cn1c(=O)cc(N2CCCC(N)C2)n(Cc2ccccc2C#N)c1=O
DB06204,CCC(c1cccc(O)c1)C(C)CN(C)C
DB06207,CC(Cc1cc2c(c(C(N)=O)c1)N(CCCO)CC2)NCCOc1ccccc1OCC(F)(F)F
DB06209,CC(=O)Oc1cc2c(s1)CCN(C(C(=O)C1CC1)c1ccccc1F)C2
DB06210,CC1=NN(c2ccc(C)c(C)c2)C(=O)C1=NNc1cccc(-c2cccc(C(=O)O)c2)c1O
DB06212,Cc1ccccc1C(=O)Nc1ccc(C(=O)N2CCCC(O)c3cc(Cl)ccc32)c(C)c1
DB06213,CNC(=O)c1cnn(-c2nc(N)c3ncn(C4OC(CO)C(O)C4O)c3n2)c1
DB06216,CN1CC2c3ccccc3Oc3ccc(Cl)cc3C2C1
DB06217,COc1ccc(CCOC2CCCCC2N2CCC(O)C2)cc1OC
DB06218,COCC(NC(C)=O)C(=O)NCc1ccccc1
DB06228,O=C(NCC1CN(c2ccc(N3CCOCC3=O)cc2)C(=O)O1)c1ccc(Cl)s1
DB06230,C=C1CCC2(O)C3Cc4ccc(O)c5c4C2(CCN3CC2CC2)C1O5
DB06237,COc1ccc(CNc2nc(N3CCCC3CO)ncc2C(=O)NCc2ncccn2)cc1Cl
DB06243,NCCCC(N)(C(=O)O)C(F)F
DB06249,COc1ccc(-c2sc3cc(O)ccc3c2Oc2ccc(OCCN3CCCCC3)cc2)cc1
DB06262,NC(C(=O)O)C(O)c1ccc(O)c(O)c1
DB06267,CCCOc1ccc(S(=O)(=O)NCCC2CCCN2C)cc1-c1nc(=O)c2c([nH]1)c(CCC)nn2C
DB06268,Cc1cc2c(cc1CC(=O)c1sccc1S(=O)(=O)Nc1onc(C)c1Cl)OCO2
DB06274,CC1CN(CC(Cc2ccccc2)C(=O)NCC(=O)O)CCC1(C)c1cccc(O)c1
DB06282,O=C(O)COCCN1CCN(C(c2ccccc2)c2ccc(Cl)cc2)CC1
DB06287,COC1CC2CCC(C)C(O)(O2)C(=O)C(=O)N2CCCCC2C(=O)OC(C(C)CC2CCC(OC(=O)C(C)(CO)CO)C(OC)C2)CC(=O)C(C)C=C(C)C(O)C(OC)C(=O)C(C)CC(C)C=CC=CC=C1C
DB06288,CCN1CCCC1CNC(=O)c1cc(S(=O)(=O)CC)c(N)cc1OC
DB06292,CCOc1ccc(Cc2cc(C3OC(CO)C(O)C(O)C3O)ccc2Cl)cc1
DB06335,N#CC1CC2CC2N1C(=O)C(N)C12CC3CC(CC(O)(C3)C1)C2
DB06401,Cc1c(-c2ccc(O)cc2)n(Cc2ccc(OCCN3CCCCCC3)cc2)c2ccc(O)cc12
DB06403,COC(c1ccccc1)(c1ccccc1)C(Oc1nc(C)cc(C)n1)C(=O)O
DB06410,C=C1C(=CC=C2CCCC3(C)C2CCC3C(C)C=CC(C)C(C)C)CC(O)CC1O
DB06412,CC12CC(=CO)C(=O)CC1CCC1C2CCC2(C)C1CCC2(C)O
DB06413,NC(=O)C[S+]([O-])C(c1ccccc1)c1ccccc1
DB06441,CSCCNc1nc(SCCC(F)(F)F)nc2c1ncn2C1OC(COP(=O)(O)OP(=O)(O)C(Cl)(Cl)P(=O)(O)O)C(O)C1O
DB06480,COCCCN1CCC(NC(=O)c2cc(Cl)c(N)c3c2OCC3)CC1
DB06589,Cc1ccc(Nc2nccc(N(C)c3ccc4c(C)n(C)nc4c3)n2)cc1S(N)(=O)=O
DB06594,COc1ccc2cccc(CCNC(C)=O)c2c1
DB06595,COC1C(N(C)C(=O)c2ccccc2)CC2OC1(C)n1c3ccccc3c3c4c(c5c6ccccc6n2c5c31)C(=O)NC4
DB06603,Cc1[nH]c2ccccc2c1CCNCc1ccc(C=CC(O)=NO)cc1
DB06605,COc1ccc(-n2nc(C(N)=O)c3c2C(=O)N(c2ccc(N4CCCCC4=O)cc2)CC3)cc1
DB06616,COc1cc(Nc2c(C#N)cnc3cc(OCCCN4CCN(C)CC4)c(OC)cc23)c(Cl)cc1Cl
DB06626,CNC(=O)c1ccccc1Sc1ccc2c(C=Cc3ccccn3)n[nH]c2c1
DB06637,Nc1ccncc1
DB06654,CC(NCc1ccc(OCc2cccc(F)c2)cc1)C(N)=O
DB06663,NCCCCC1NC(=O)C(Cc2c[nH]c3ccccc23)NC(=O)C(c2ccccc2)NC(=O)C2CC(OC(=O)NCCN)CN2C(=O)C(Cc2ccccc2)NC(=O)C(Cc2ccc(OCc3ccccc3)cc2)NC1=O
DB06684,N#Cc1ccc2[nH]cc(CCCCN3CCN(c4ccc5oc(C(N)=O)cc5c4)CC3)c2c1
DB06689,CCCCCCCCC=CCCCCCCCC(=O)O
DB06691,COc1ccc(CN(CCN(C)C)c2ccccn2)cc1
DB06694,Cc1cc(C(C)(C)C)cc(C)c1CC1=NCCN1
DB06695,CCCCCCOC(=O)N=C(N)c1ccc(NCc2nc3cc(C(=O)N(CCC(=O)OCC)c4ccccn4)ccc3n2C)cc1
DB06698,CNCCc1ccccn1
DB06699,CC(=O)NC(Cc1ccc2ccccc2c1)C(=O)NC(Cc1ccc(Cl)cc1)C(=O)NC(Cc1cccnc1)C(=O)NC(CO)C(=O)NC(Cc1ccc(NC(=O)C2CC(=O)NC(=O)N2)cc1)C(=O)NC(Cc1ccc(NC(N)=O)cc1)C(=O)NC(CC(C)C)C(=O)NC(CCCCNC(C)C)C(=O)N1CCCC1C(=O)NC(C)C(N)=O
DB06700,CN(C)CC(c1ccc(O)cc1)C1(O)CCCCC1
DB06701,COC(=O)C(c1ccccc1)C1CCCCN1
DB06702,CC(C)C(=O)Oc1ccc(CO)cc1C(CCN(C(C)C)C(C)C)c1ccccc1
DB06706,CNC(C)CCC=C(C)C
DB06707,CC(N)C(O)c1ccc(O)c(O)c1
DB06709,CC(=O)OC(C)C[N+](C)(C)C
DB06710,CC12CCC(=O)C=C1CCC1C2CCC2(C)C1CCC2(C)O
DB06711,c1ccc2c(CC3=NCCN3)cccc2c1
DB06713,C#CC1(O)CCC2C3CCC4=CC(=NO)CCC4C3CCC21CC
DB06714,CNC(C)CC1CCCCC1
DB06716,CC(C)c1cccc(C(C)C)c1OCOP(=O)(O)O
DB06725,CN1C(C(=O)Nc2ccccn2)=C(O)c2sc(Cl)cc2S1(=O)=O
DB06736,O=C(O)COC(=O)Cc1ccccc1Nc1c(Cl)cccc1Cl
DB06751,CCOc1ccc(C=C2NCCc3cc(OCC)c(OCC)cc32)cc1OCC
DB06756,C[N+](C)(C)CC(=O)[O-]
DB06764,c1ccc2c(c1)CCCC2C1=NCCN1
DB06766,CN1CCC(=C2c3ccccc3CCn3c(C=O)cnc32)CC1
DB06772,COC1C(=O)C2(C)C(OC)CC3OCC3(OC(C)=O)C2C(OC(=O)c2ccccc2)C2(O)CC(OC(=O)C(O)C(NC(=O)OC(C)(C)C)c3ccccc3)C(C)=C1C2(C)C
DB06774,COc1cc(CNC(=O)CCCCC=CC(C)C)ccc1O
DB06775,NC(=O)NC(CCC(=O)O)C(=O)O
DB06777,CC(CCC(=O)O)C1CCC2C3C(O)CC4CC(O)CCC4(C)C3CCC12C
DB06780,CC(=O)OCC(=O)C1CCC2C3CCC4=CC(=O)CCC4(C)C3CCC12C
DB06781,CCCC(=O)OC1(C(=O)COC(C)=O)CCC2C3CC(F)C4=CC(=O)C=CC4(C)C3(F)C(O)CC21C
DB06782,OCC(S)CS
DB06785,CCNC(=NCCCCC(NC(=O)C(Cc1ccc(O)cc1)NC(=O)C(CO)NC(=O)C(Cc1cccnc1)NC(=O)C(Cc1ccc(Cl)cc1)NC(=O)C(Cc1ccc2ccccc2c1)NC(C)=O)C(=O)NC(CC(C)C)C(=O)NC(CCCCN=C(NCC)NCC)C(=O)N1CCCC1C(=O)NC(C)C(N)=O)NCC
DB06786,CC1(C)OC2CC3C4CCC5=CC(=O)CCC5(C)C4(F)C(O)CC3(C)C2(C(=O)CCl)O1
DB06787,C[N+]1(C)CCN(CC(O)(c2ccccc2)C2CCCCC2)CC1
DB06788,CCN=C(O)C1CCCN1C(=O)C(CCCNC(=N)N)N=C(O)C(CC(C)C)N=C(O)C(Cc1cn(Cc2ccccc2)cn1)N=C(O)C(Cc1ccc(O)cc1)N=C(O)C(CO)N=C(O)C(Cc1c[nH]c2ccccc12)N=C(O)C(Cc1cnc[nH]1)N=C(O)C1CCC(O)=N1
DB06789,CCCCCC(=O)OC1(C(C)=O)CCC2C3CCC4=CC(=O)CCC4(C)C3CCC21C
DB06791,CC(C)C1NC(=O)C(CCCCN)NC(=O)C(Cc2c[nH]c3ccccc23)NC(=O)C(Cc2ccc(O)cc2)NC(=O)C(NC(=O)C(N)Cc2ccc3ccccc3c2)CSSCC(C(=O)NC(C(N)=O)C(C)O)NC1=O
DB06795,NCc1ccc(S(N)(=O)=O)cc1
DB06800,C[N+]1(CC2CC2)CCC23c4c5ccc(O)c4OC2C(=O)CCC3(O)C1C5
DB06802,NC(=O)Cc1cccc(C(=O)c2ccccc2)c1N
DB06809,c1cc(CN2CCCNCCNCCCNCC2)ccc1CN1CCCNCCNCCCNCC1
DB06813,C#CCC(Cc1cnc2nc(N)nc(N)c2n1)c1ccc(C(=O)NC(CCC(=O)O)C(=O)O)cc1
DB06814,CC(Cc1ccc2c(c1)OCO2)NCC(O)c1ccc(O)c(O)c1
DB06825,CC(C)CC(NC(=O)C(Cc1c[nH]c2ccccc12)NC(=O)C(Cc1ccc(O)cc1)NC(=O)C(CO)NC(=O)C(Cc1c[nH]c2ccccc12)NC(=O)C(Cc1c[nH]cn1)NC(=O)C1CCC(=O)N1)C(=O)NC(CCCNC(=N)N)C(=O)N1CCCC1C(=O)NCC(N)=O
DB07776,O=c1cc(-c2ccccc2)oc2ccccc12
DB08439,CCC(=O)NS(=O)(=O)c1ccc(-c2c(-c3ccccc3)noc2C)cc1
DB08604,Oc1cc(Cl)ccc1Oc1ccc(Cl)cc1Cl
DB08799,c1ccc(CN(CC2=NCCN2)c2ccccc2)cc1
DB08801,CC(C1=C(CCN(C)C)Cc2ccccc21)c1ccccn1
DB08804,CCCCCCCCCC(=O)OC1CCC2C3CCC4=CC(=O)CCC4C3CCC12C
DB08809,O=C(O)C(Cl)Cl
DB08814,CC(=O)Oc1cc(C(F)(F)F)ccc1C(=O)O
DB08815,O=C1C2C3CCC(C3)C2C(=O)N1CC1CCCCC1CN1CCN(c2nsc3ccccc23)CC1
DB08816,CCCSc1nc(NC2CC2c2ccc(F)c(F)c2)c2nnn(C3CC(OCCO)C(O)C3O)c2n1
DB08818,CC(=O)NC1C(O)OC(CO)C(O)C1OC1OC(C(=O)O)C(OC2OC(CO)C(O)C(OC3OC(C(=O)O)C(O)C(O)C3O)C2NC(C)=O)C(O)C1O
DB08819,CC(C)OC(=O)CCCC=CCC1C(O)CC(O)C1C=CC(F)(F)COc1ccccc1
DB08820,CC(C)(C)c1cc(C(C)(C)C)c(NC(=O)c2c[nH]c3ccccc3c2=O)cc1O
DB08822,CCOc1nc2cccc(C(=O)OCc3oc(=O)oc3C)c2n1Cc1ccc(-c2ccccc2-c2noc(=O)[nH]2)cc1
DB08827,O=C(NC1CCN(CCCCC2(C(=O)NCC(F)(F)F)c3ccccc3-c3ccccc32)CC1)c1ccccc1-c1ccc(C(F)(F)F)cc1
DB08828,CS(=O)(=O)c1ccc(C(=O)Nc2ccc(Cl)c(-c3ccccn3)c2)c(Cl)c1
DB08860,O=C(O)CC(O)CC(O)C=Cc1c(C2CC2)nc2ccccc2c1-c1ccc(F)cc1
DB08864,Cc1cc(C=CC#N)cc(C)c1Nc1ccnc(Nc2ccc(C#N)cc2)n1
DB08865,CC(Oc1cc(-c2cnn(C3CCNCC3)c2)cnc1N)c1c(Cl)ccc(F)c1Cl
DB08867,CC(=O)C1(O)CCC2C3CCC4=CC(=O)CCC4=C3C(c3ccc(N(C)C)cc3)CC21C
DB08868,CCCCCCCCc1ccc(CCC(N)(CO)CO)cc1
DB08869,CCC=CCC(=O)NC(Cc1ccc(O)cc1)C(=O)NC(C)C(=O)NC(CC(=O)O)C(=O)NC(C)C(=O)NC(C(=O)NC(Cc1ccccc1)C(=O)NC(C(=O)NC(CC(N)=O)C(=O)NC(CO)C(=O)NC(Cc1ccc(O)cc1)C(=O)NC(CCCNC(=N)N)C(=O)NC(CCCCN)C(=O)NC(C(=O)NC(CC(C)C)C(=O)NCC(=O)NC(CCC(N)=O)C(=O)NC(CC(C)C)C(=O)NC(CO)C(=O)NC(C)C(=O)NC(CCCNC(=N)N)C(=O)NC(CCCCN)C(=O)NC(CC(C)C)C(=O)NC(CC(C)C)C(=O)NC(CCC(N)=O)C(=O)NC(CC(=O)O)C(=O)NC(C(=O)NC(CCSC)C(=O)NC(CO)C(=O)NC(CCCNC(=N)N)C(=O)NC(CCC(N)=O)C(=O)NC(CCC(N)=O)C(=O)NCC(=O)NC(CCC(N)=O)C(=O)NC(CO)C(=O)NC(CC(N)=O)C(=O)NC(CCC(N)=O)C(=O)NC(CCCNC(=N)N)C(=O)NCC(=O)NC(C)C(=O)NC(CCCNC(=N)N)C(=O)NC(C)C(=O)NC(CCCNC(=N)N)C(=O)NC(CC(C)C)C(N)=O)C(C)CC)C(C)C)C(C)O)C(C)CC
DB08871,C=C1CC2CCC34CC5OC6C(OC7CCC(CC(=O)CC8C(CC9OC(CCC1O2)CC(C)C9=C)OC(CC(O)CN)C8OC)OC7C6O3)C5O4
DB08872,CC(OC(=O)NCC1(CC(=O)O)CCCCC1)OC(=O)C(C)C
DB08875,COc1cc2nccc(Oc3ccc(NC(=O)C4(C(=O)Nc5ccc(F)cc5)CC4)cc3)c2cc1OC
DB08877,N#CCC(C1CCCC1)n1cc(-c2ncnc3[nH]ccc23)cn1
DB08880,CC(O)=C(C#N)C(=O)Nc1ccc(C(F)(F)F)cc1
DB08881,CCCS(=O)(=O)Nc1ccc(F)c(C(=O)c2c[nH]c3ncc(-c4ccc(Cl)cc4)cc23)c1F
DB08882,CC#CCn1c(N2CCCC(N)C2)nc2c1c(=O)n(Cc1nc(C)c3ccccc3n1)c(=O)n2C
DB08883,N#Cc1ccccc1-c1cc(-c2ccccn2)cn(-c2ccccc2)c1=O
DB08889,CC(C)CC(NC(=O)C(CCc1ccccc1)NC(=O)CN1CCOCC1)C(=O)NC(Cc1ccccc1)C(=O)NC(CC(C)C)C(=O)C1(C)CO1
DB08890,CC1NC(=O)C2CCCN2C(=O)C(CC(N)=O)NC(=O)C2CSSCC(N)C(=O)NC3CSSCC(NC1=O)C(=O)NC(C(C)O)C(=O)NCC(=O)NC(C(=O)NC(Cc1ccc(O)cc1)C(=O)O)CSSCC(NC(=O)C(Cc1ccc(O)cc1)NC(=O)C(CCC(=O)O)NC3=O)C(=O)N2
DB08893,Nc1nc(CC(=O)Nc2ccc(CCNCC(O)c3ccccc3)cc2)cs1
DB08895,CC1CCN(C(=O)CC#N)CC1N(C)c1ncnc2[nH]ccc12
DB08896,CNC(=O)c1cc(Oc2ccc(NC(=O)Nc3ccc(Cl)c(C(F)(F)F)c3)c(F)c2)ccn1
DB08897,O=C(OC1C[N+]2(CCCOc3ccccc3)CCC1CC2)C(O)(c1cccs1)c1cccs1
DB08899,CNC(=O)c1ccc(N2C(=S)N(c3ccc(C#N)c(C(F)(F)F)c3)C(=O)C2(C)C)cc1F
DB08901,Cc1ccc(C(=O)Nc2ccc(CN3CCN(C)CC3)c(C(F)(F)F)c2)cc1C#Cc1cnc2cccnn12
DB08906,CC1CC2C3CC(F)C4=CC(=O)C=CC4(C)C3(F)C(O)CC2(C)C1(OC(=O)c1ccco1)C(=O)SCF
DB08907,Cc1ccc(C2OC(CO)C(O)C(O)C2O)cc1Cc1ccc(-c2ccc(F)cc2)s1
DB08908,COC(=O)C=CC(=O)OC
DB08910,Nc1cccc2c1C(=O)N(C1CCC(=O)NC1=O)C2=O
DB08911,CC(=O)Nc1cccc(-n2c(=O)n(C3CC3)c(=O)c3c(Nc4ccc(I)cc4F)n(C)c(=O)c(C)c32)c1
DB08912,CC(C)(C)c1nc(-c2cccc(NS(=O)(=O)c3c(F)cccc3F)c2F)c(-c2ccnc(N)n2)s1
DB08916,CN(C)CC=CC(=O)Nc1cc2c(Nc3ccc(F)c(Cl)c3)ncnc2cc1OC1CCOC1
DB08918,CCN(CC)C(=O)C1(c2ccccc2)CC1CN
DB08931,COC(=O)N(C)c1c(N)nc(-c2nn(Cc3ccccc3F)c3ncccc23)nc1N
DB08932,CCCNS(=O)(=O)Nc1ncnc(OCCOc2ncc(Br)cn2)c1-c1ccc(Br)cc1
DB08936,CN1CCN(C(c2ccccc2)c2ccc(Cl)cc2)CC1
DB08949,O=C(OC1C(OC(=O)c2cccnc2)C(OC(=O)c2cccnc2)C(OC(=O)c2cccnc2)C(OC(=O)c2cccnc2)C1OC(=O)c1cccnc1)c1cccnc1
DB08954,CC(C(O)c1ccc(O)cc1)N1CCC(Cc2ccccc2)CC1
DB08964,CCCCC(C)(C)C(O)C=CC1C(O)CC(=O)C1CCCCC=CC(=O)OC
DB08995,COc1ccc(-c2cc(=O)c3c(O)cc(OC4OC(COC5OC(C)C(O)C(O)C5O)C(O)C(O)C4O)cc3o2)cc1O
DB09026,COCCCOc1cc(CC(CC(N)C(O)CC(C(=O)NCC(C)(C)C(N)=O)C(C)C)C(C)C)ccc1OC
DB09030,CCOC(=O)NC1CCC2C(C1)CC1C(=O)OC(C)C1C2C=Cc1ccc(-c2cccc(F)c2)cn1
DB09031,CCCCCCCCCCCCCCCCOP(=O)([O-])OCC[N+](C)(C)C
DB09034,Cc1ccc(-n2nccn2)c(C(=O)N2CCN(c3nc4cc(Cl)ccc4o3)CCC2C)c1
DB09038,OCC1OC(c2ccc(Cl)c(Cc3ccc(OC4CCOC4)cc3)c2)C(O)C(O)C1O
DB09039,CCCCCCCC(O)=NC(CN1CCCC1)C(O)c1ccc2c(c1)OCCO2
DB09047,N#Cc1c(N2CC3NCCOC3C2)c(F)cc2c(=O)c(C(=O)O)cn(C3CC3)c12
DB09048,Cc1ccccc1-c1cc(N2CCN(C)CC2)ncc1N(C)C(=O)C(C)(C)c1cc(C(F)(F)F)cc(C(F)(F)F)c1
DB09049,C=CCN1CCC23c4c5ccc(O)c4OC2C(OCCOCCOCCOCCOCCOCCOCCOC)CCC3(O)C1C5
DB09053,C=CC(=O)N1CCCC(n2nc(-c3ccc(Oc4ccccc4)cc3)c3c(N)ncnc32)C1
DB09059,CCOc1ccc(CC2NC(=O)CCSSCC(C(=O)N3CCCC3C(=O)NC(CCCN)C(=O)NCC(N)=O)NC(=O)C(CC(N)=O)NC(=O)C(C(C)O)NC(=O)C(C(C)CC)NC2=O)cc1
DB09061,C=C(C)C1CCC(C)=CC1c1c(O)cc(CCCCC)cc1O
DB09063,Cc1cc(Nc2ncc(Cl)c(=Nc3ccccc3S(=O)(=O)C(C)C)[nH]2)c(OC(C)C)cc1C1CCNCC1
DB09064,CC(C)(Oc1ccc(C2CC2(Cl)Cl)cc1)C(=O)O
DB09067,CCC(C)C(NC(=O)C(CC(=O)O)NC(=O)C(CC(C)C)NC(=O)C(CC(C)C)NC(=O)C(CCCCN)NC(=O)C(CCCNC(=N)N)NC(=O)C(CC(N)=O)NC(=O)C(CO)NC(=O)C(Cc1cnc[nH]1)NC(=O)C(C)NC(=O)C(CCC(N)=O)NC(=O)C(CCC(N)=O)NC(=O)C(C)NC(=O)C(CC(C)C)NC(=O)C(CCC(N)=O)NC(=O)C(CC(=O)O)NC(=O)C(C)NC(=O)C(CCCCN)NC(=O)C(NC(=O)C(CCSC)NC(=O)C(CCC(=O)O)NC(=O)C(CC(C)C)NC(=O)C(NC(=O)C(CCC(=O)O)NC(=O)C(CCCNC(=N)N)NC(=O)C(CC(C)C)NC(=O)C(CC(C)C)NC(=O)C(Cc1cnc[nH]1)NC(=O)C(Cc1ccccc1)NC(=O)C(NC(=O)C(CC(C)C)NC(=O)C(CC(=O)O)NC(=O)C(CC(C)C)NC(=O)C(CO)NC(=O)C(NC(=O)C1CCCN1C(=O)C1CCCN1C(=O)C(CCC(=O)O)NC(=O)C(CCC(N)=O)NC(=O)C(N)CO)C(C)CC)C(C)O)C(C)C)C(C)O)C(=O)NC(C)C(N)=O
DB09068,Cc1ccc(Sc2ccccc2N2CCNCC2)c(C)c1
DB09069,COc1ccc(CN2CCNCC2)c(OC)c1OC
DB09070,C#CC1(O)CCC2C3C(C)CC4=C(CCC(=O)C4)C3CCC21C
DB09071,CCC(O)=NCC1CC1c1cccc2c1CCO2
DB09073,CC(=O)c1c(C)c2cnc(Nc3ccc(N4CCNCC4)cn3)nc2n(C2CCCC2)c1=O
DB09074,O=C(c1cc(Cc2nnc(O)c3ccccc23)ccc1F)N1CCN(C(=O)C2CC2)CC1
DB09075,CN1CCc2nc(C(=O)NC3CC(C(=O)N(C)C)CCC3NC(=O)C(=O)Nc3ccc(Cl)cn3)sc2C1
DB09076,OC(c1ccccc1)(c1ccccc1)C12CC[N+](CCOCc3ccccc3)(CC1)CC2
DB09078,COc1cc2nccc(Oc3ccc(NC(O)=NC4CC4)c(Cl)c3)c2cc1C(=N)O
DB09079,COC(=O)c1ccc2c(c1)NC(=O)C2=C(Nc1ccc(N(C)C(=O)CN2CCN(C)CC2)cc1)c1ccccc1
DB09080,COc1ccc(CC(C)(C)NCC(O)c2cc(O)cc3c2OCC(=O)N3)cc1
DB09082,OCc1cc(C(O)CNCCCCCCOCCOCc2c(Cl)cccc2Cl)ccc1O
DB09083,COc1cc2c(cc1OC)CC(=O)N(CCCN(C)CC1Cc3cc(OC)c(OC)cc31)CC2
DB09085,CCCCNc1ccc(C(=O)OCCN(C)C)cc1
DB09086,C=CCc1ccc(O)c(OC)c1
DB09089,CCC(COC(=O)c1cc(OC)c(OC)c(OC)c1)(c1ccccc1)N(C)C
DB09090,COc1cc(Br)c(C[N+]2(CCOCCC3CCC4CC3C4(C)C)CCOCC2)cc1OC
DB09091,CC12CCC(=O)C=C1CCC1C2C(O)CC2(C)C1CCC2(O)C(=O)CS
DB09092,CN(CCO)CC(O)Cn1cnc2c1c(=O)n(C)c(=O)n2C
DB09095,CC1CC2C3CC(F)C4=CC(=O)C=CC4(C)C3(F)C(O)CC2(C)C1C(=O)CO
DB09097,CCCN1CC(NS(=O)(=O)N(CC)CC)CC2Cc3c(O)cccc3CC21
DB09099,CC(N)C(=O)NCC(=O)NC1CSSCC(C(=O)O)NC(=O)C(CO)NC(=O)C(C(C)O)NC(=O)C(Cc2ccccc2)NC(=O)C(C(C)O)NC(=O)C(CCCCN)NC(=O)C(Cc2c[nH]c3ccccc23)NC(=O)C(Cc2ccccc2)NC(=O)C(Cc2ccccc2)NC(=O)C(CC(N)=O)NC(=O)C(CCCCN)NC1=O
DB09118,CC(C)(C)C(O)C=Cc1ccc2c(c1)OCO2
DB09119,CC(=O)OC1Cc2ccccc2N(C(N)=O)c2ccccc21
DB09120,COc1cc(CNC(=O)CCCCC=CC(C)C)ccc1O
DB09121,OCC1OC(S[Au])C(O)C(O)C1O
DB09123,CC12CCC3=C4CCC(=O)C=C4CCC3C1CCC2(O)CC#N
DB09124,CC(=O)C1(C)CCC2C3C=C(C)C4=CC(=O)CCC4(C)C3CCC21C
DB09128,O=c1ccc2ccc(OCCCCN3CCN(c4cccc5sccc45)CC3)cc2[nH]1
DB09143,Cc1c(C(=O)Nc2ccc(N3CC(C)OC(C)C3)nc2)cccc1-c1ccc(OC(F)(F)F)cc1
DB09146,OCC1OC(OC2(CO)OC(CO)C(O)C2O)C(O)C(O)C1O
DB09148,CNc1ccc(C=Cc2ccc(OCCOCCOCCF)cc2)cc1
DB09149,CNc1ccc(C=Cc2ccc(OCCOCCOCCF)nc2)cc1
DB09151,CNc1ccc(-c2nc3ccc(O)cc3s2)cc1F
DB09167,CN(C)CCC=C1c2ccccc2CSc2ccccc21
DB09185,CCOc1ccccc1OCC1CNCCO1
DB09195,FC(F)(F)c1cccc(N2CCN(CCc3nnc4n3CC3CCCC43)CC2)c1
DB09205,CC(=O)Oc1cc(C(C)C)c(OCCN(C)C)cc1C
DB09209,CN1CCC23c4c5ccc(OCCN6CCOCC6)c4OC2C(O)C=CC3C1C5
DB09213,CC(C)Cc1ccc(C(C)C(=O)O)cc1
DB09214,CC(C(=O)O)c1cccc(C(=O)c2ccccc2)c1
DB09216,Cc1c(Cl)cccc1Nc1ccccc1C(=O)O
DB09217,CC1(C)OC(=O)C(OCC2CC2)=C1c1ccc(S(C)(=O)=O)cc1
DB09220,O=C(NCCO[N+](=O)[O-])c1cccnc1
DB09225,CN(C)CCOC1=Cc2ccccc2Sc2ccc(Cl)cc21
DB09236,CCOC(=O)C1=C(C)NC(C)=C(C(=O)OCC)C1c1ccccc1C=CC(=O)OC(C)(C)C
DB09238,COC(=O)C1=C(C)NC(C)=C(C(=O)OCCN2CCN(C(c3ccccc3)c3ccccc3)CC2)C1c1cccc([N+](=O)[O-])c1
DB09241,CN(C)c1ccc2nc3ccc(N(C)C)cc3[s+]c2c1
DB09242,COc1nc(C)nc(Cl)c1NC1=NCCN1
DB09256,O=c1[nH]c(=O)n(C2CCCO2)cc1F
DB09257,O=c1cc(O)c(Cl)c[nH]1
DB09265,CCC(C)C(N=C(O)C(Cc1ccccc1)N=C(O)C(CC(C)C)N=C(O)C(CCCNC(=N)N)N=C(O)C(N=C(O)C(C)N=C(O)C(CCC(=O)O)N=C(O)C(CCC(=O)O)N=C(O)C(CCC(=O)O)N=C(O)C(CCSC)N=C(O)C(CCC(=N)O)N=C(O)C(CCCCN)N=C(O)C(CO)N=C(O)C(CC(C)C)N=C(O)C(CC(=O)O)N=C(O)C(CO)N=C(O)C(N=C(O)C(Cc1ccccc1)N=C(O)C(N=C(O)CN=C(O)C(CCC(=O)O)N=C(O)CN=C(O)C(N)Cc1cnc[nH]1)C(C)O)C(C)O)C(C)C)C(O)=NC(CCC(=O)O)C(O)=NC(Cc1c[nH]c2ccccc12)C(O)=NC(CC(C)C)C(O)=NC(CCCCN)C(O)=NC(CC(=N)O)C(O)=NCC(O)=NCC(=O)N1CCCC1C(O)=NC(CO)C(O)=NC(CO)C(O)=NCC(O)=NC(C)C(=O)N1CCCC1C(=O)N1CCCC1C(O)=NC(CO)C(O)=NC(CCCCN)C(O)=NC(CCCCN)C(O)=NC(CCCCN)C(O)=NC(CCCCN)C(O)=NC(CCCCN)C(O)=NC(CCCCN)C(=N)O
DB09270,COC1=C(OC)C(=O)C(CC=C(C)CCC=C(C)CCC=C(C)CCC=C(C)CCC=C(C)CCC=C(C)CCC=C(C)CCC=C(C)CCC=C(C)CCC=C(C)C)=C(C)C1=O
DB09272,COc1ccc(CN(C(=O)C(N)Cc2c(C)cc(C(N)=O)cc2C)C(C)c2nc(-c3ccccc3)c[nH]2)cc1C(=O)O
DB09280,Cc1ccc(NC(=O)C2(c3ccc4c(c3)OC(F)(F)O4)CC2)nc1-c1cccc(C(=O)O)c1
DB09282,CCOC(=O)[N-]c1c[n+](N2CCOCC2)no1
DB09292,CCOC(=O)C(C)CC(Cc1ccc(-c2ccccc2)cc1)NC(=O)CCC(=O)O
DB09300,CCCC[N+]1(C)C2CC(OC(=O)C(CO)c3ccccc3)CC1C1OC12
DB09327,O=c1[nH]c(=O)n(C2CCCO2)cc1F
DB09330,C=CC(=O)Nc1cc(Nc2nccc(-c3cn(C)c4ccccc34)n2)c(OC)cc1N(C)CCN(C)C
DB09332,Cc1cc(OP(=O)(O)O)c2ccccc2c1OP(=O)(O)O
DB09333,CN(C)C=Nc1c(I)cc(I)c(CCC(=O)O)c1I
DB09343,N=C1CCCN1Cc1[nH]c(=O)[nH]c(=O)c1Cl
DB09351,CC(C)NCC(O)COc1ccc(CCOCC2CC2)cc1
DB09371,C#CC1(O)CCC2C3CCC4=C(CCC(=O)C4)C3CCC21C
DB09389,C#CC1(O)CCC2C3CCC4=CC(=O)CCC4C3CCC21CC
DB09401,OC1COC2C(O)COC12
DB09421,NC(=O)C1CCCN1C(=O)C(Cc1cnc[nH]1)NC(=O)C1CCC(=O)N1
DB09462,OCC(O)CO
DB09477,CC(NC(CCc1ccccc1)C(=O)O)C(=O)N1CCCC1C(=O)O
DB09488,Cc1ccc(C(=CCN2CCCC2)c2cccc(C=CC(=O)O)n2)cc1
DB09517,OCC1OC(OC2(CO)OC(CO)C(O)C2O)C(O)C(O)C1O
DB09526,Oc1ccc(O)cc1
DB09552,CCCCCCCCCCCCCCCC[N+](C)(C)CCN(Cc1ccc(OC)cc1)c1ncccn1
DB09555,CN(C)CCC(c1ccc(Cl)cc1)c1ccccn1
DB11071,O=C(Oc1ccccc1)c1ccccc1O
DB11079,OCCN(CCO)CCO
DB11085,Oc1cccc(O)c1
DB11093,O=C(O)CC(O)(CC(=O)O)C(=O)O
DB11148,CCCCOC(=O)c1ccc(N)cc1
DB11156,CN1CCCN=C1C=Cc1cccs1
DB11157,O=C1c2c(O)cccc2Cc2cccc(O)c21
DB11181,CN1C2CCC1CC(OC(=O)C(O)c1ccccc1)C2
DB11186,CCN(CC)CCOCCOC(=O)C1(c2ccccc2)CCCC1
DB11201,CC1CCC(C(C)C)C(OC(=O)c2ccccc2O)C1
DB11217,OCC1OC(Oc2ccc(O)cc2)C(O)C(O)C1O
DB11219,Cc1ccc(C=C2C(=O)C3(C)CCC2C3(C)C)cc1
DB11221,COc1ccc(C(=O)c2ccccc2O)c(O)c1
DB11235,COc1ccc(CN(CCN(C)C)c2ncccn2)cc1
DB11254,CCCCCCc1ccc(O)cc1O
DB11273,CC(C)C1C(=O)N2CCCC2C2(O)OC(NC(=O)C3CC4c5cccc6[nH]cc(c56)CC4N(C)C3)(C(C)C)C(=O)N12
DB11274,CC(C)CC1C(=O)N2CCCC2C2(O)OC(NC(=O)C3CC4c5cccc6[nH]cc(c56)CC4N(C)C3)(C(C)C)C(=O)N12
DB11275,CCC(C)C1C(=O)N2CCCC2C2(O)OC(NC(=O)C3CC4c5cccc6[nH]cc(c56)CC4N(C)C3)(C(C)C)C(=O)N12
DB11278,CC(C(O)c1ccccc1)N(C)C
DB11323,O=C(OCCO)c1ccccc1O
DB11327,[O-][n+]1ccccc1SSc1cccc[n+]1[O-]
DB11328,CCCCC(CC)CCC(CC(C)C)OS(=O)(=O)O
DB11359,COc1ccccc1O
DB11362,CC(C)N(CCCCOCC(=O)NS(C)(=O)=O)c1cnc(-c2ccccc2)c(-c2ccccc2)n1
DB11363,CCc1cc2c(cc1N1CCC(N3CCOCC3)CC1)C(C)(C)c1[nH]c3cc(C#N)ccc3c1C2=O
DB11386,CC(C)(O)C(Cl)(Cl)Cl
DB11397,COP(=O)(OC)OC=C(Cl)Cl
DB11421,O=[N+]([O-])N=C1NCCN1Cc1ccc(Cl)nc1
DB11429,CC1CC2=CC(=O)CCC2C2CCC3(C)C(CCC3(C)O)C12
DB11447,c1ccc2c(c1)Nc1ccccc1S2
DB11477,Cc1cccc(C)c1NC1=NCCCS1
DB11478,CC1CCCC(O)CCCCCc2cc(O)cc(O)c2C(=O)O1
DB11496,S=c1[nH]c2ccccc2s1
DB11560,O=C(O)CSc1nnc(Br)n1-c1ccc(C2CC2)c2ccccc12
DB11577,O=C1C(=C2Nc3ccc(S(=O)(=O)O)cc3C2=O)Nc2ccc(S(=O)(=O)O)cc21
DB11581,CC1(C)CCC(CN2CCN(c3ccc(C(=O)NS(=O)(=O)c4ccc(NCC5CCOCC5)c([N+](=O)[O-])c4)c(Oc4cnc5[nH]ccc5c4)c3)CC2)=C(c2ccc(Cl)cc2)C1
DB11584,OC(c1ccccc1)(c1ccccc1)C1CCCCN1
DB11587,CCN(C)C(C)C(O)c1ccccc1
DB11590,CC[Hg]Sc1ccccc1C(=O)O[Na]
DB11591,CCOCCn1c(C2CCN(CCc3ccc(C(C)(C)C(=O)O)cc3)CC2)nc2ccccc21
DB11611,CS(=O)(=O)c1cccc(CC(NC(=O)c2c(Cl)cc3c(c2Cl)CCN(C(=O)c2ccc4ccoc4c2)C3)C(=O)O)c1
DB11614,Cc1cncc(CN2CCC(=C3c4ccc(Cl)cc4CCc4cccnc43)CC2)c1
DB11619,C#CC1(O)CCC2C3CCC4=CC(=O)CCC4=C3C=CC21CC
DB11632,Cc1c(Cl)c(C)[n+]([O-])c(Cl)c1-c1noc(-c2cc(O)c(O)c([N+](=O)[O-])c2)n1
DB11633,CC(c1nc(-c2ccc(C#N)cc2)cs1)C(O)(Cn1cncn1)c1cc(F)ccc1F
DB11640,N=c1cc[nH]cc1N
DB11641,CCC12C=CCN3CCC4(c5cc(C6(C(=O)OC)CC7CC(C(C)(F)F)CN(Cc8c6[nH]c6ccccc86)C7)c(OC)cc5N(C)C4C(O)(C(=O)OC)C1OC(C)=O)C32
DB11642,Clc1ccc(CCCOCCCN2CCCCC2)cc1
DB11644,O=C(O)c1ccc2nc(-c3cc(Cl)cc(Cl)c3)oc2c1
DB11660,O=C(CCCC=CCC1C(O)CC(O)C1CCC(O)CCc1ccccc1)OCCCCO[N+](=O)[O-]
DB11672,COc1cc(C=CC(=O)CC(=O)C=Cc2ccc(O)c(OC)c2)ccc1O
DB11691,CC(C)(NC(=O)C1=C(O)C2Oc3c(O)ccc4c3C23CCN(CC2CC2)C(C4)C3(O)C1)c1nc(-c2ccccc2)no1
DB11699,CN1C2CCC1CC(OC(=O)c1c[nH]c3ccccc13)C2
DB11703,CC#CC(=O)N1CCCC1c1nc(-c2ccc(C(=O)Nc3ccccn3)cc2)c2c(N)nccn12
DB11712,CC(C)(CO)c1cc2cc(NC(=O)C3(c4ccc5c(c4)OC(F)(F)O5)CC3)c(F)cc2n1CC(O)CO
DB11718,COC(=O)NC(C)CNc1nccc(-c2cn(C(C)C)nc2-c2cc(Cl)cc(NS(C)(=O)=O)c2F)n1
DB11730,CN(C)C(=O)c1cc2cnc(Nc3ccc(N4CCNCC4)cn3)nc2n1C1CCCC1
DB11738,C1COC(NC(C2CC2)C2CC2)=N1
DB11760,Cn1ncnc1C1c2n[nH]c(=O)c3cc(F)cc(c23)NC1c1ccc(F)cc1
DB11793,NC(=O)c1cccc2cn(-c3ccc(C4CCCNC4)cc3)nc12
DB11817,CCS(=O)(=O)N1CC(CC#N)(n2cc(-c3ncnc4[nH]ccc34)cn2)C1
DB11823,CNC1(c2ccccc2Cl)CCCCC1=O
DB11827,CCOc1ccc(Cc2cc(C34OCC(CO)(O3)C(O)C(O)C4O)ccc2Cl)cc1
DB11828,CCOc1cc2ncc(C#N)c(Nc3ccc(OCc4ccccn4)c(Cl)c3)c2cc1NC(=O)C=CCN(C)C
DB11842,CCC(C)C(NC(=O)C(Cc1ccc(O)cc1)NC(=O)C(NC(=O)C(CCCN=C(N)N)NC(=O)C(N)CC(=O)O)C(C)C)C(=O)NC(Cc1cnc[nH]1)C(=O)N1CCCC1C(=O)NC(Cc1ccccc1)C(=O)O
DB11855,CN(CCN1CCC(OC(=O)Nc2ccccc2-c2ccccc2)CC1)C(=O)c1ccc(CN2CCC(C(N)=O)CC2)cc1
DB11859,CC(=O)C1CCC2C3CCC4CC(O)CCC4(C)C3CCC12C
DB11901,CNC(=O)c1ccc(N2C(=S)N(c3cnc(C#N)c(C(F)(F)F)c3)C(=O)C23CCC3)cc1F
DB11915,COc1cc2c(cc1OC)C1CC(OC(=O)C(N)C(C)C)C(CC(C)C)CN1CC2
DB11952,CC(Nc1ncnc2[nH]cnc12)c1cc2cccc(Cl)c2c(=O)n1-c1ccccc1
DB11963,COc1cc2ncnc(Nc3ccc(F)c(Cl)c3)c2cc1NC(=O)C=CCN1CCCCC1
DB11967,Cn1cnc2c(F)c(Nc3ccc(Br)cc3F)c(C(=O)NOCCO)cc21
DB11978,CN1CCC(NC(=O)Nc2ccc(C#N)cc2)CC1c1nc2ccccc2[nH]1
DB11979,COc1cccc(-c2c(C)n(Cc3c(F)cccc3C(F)(F)F)c(=O)n(CC(NCCCC(=O)O)c3ccccc3)c2=O)c1F
DB11994,CC(=O)Oc1cccc2c1C(=O)c1c(OC(C)=O)cc(C(=O)O)cc1C2=O
DB11995,O=C(Nc1nc(-c2cc(Cl)cs2)c(N2CCN(C3CCCCC3)CC2)s1)c1cnc(N2CCC(C(=O)O)CC2)c(Cl)c1
DB12001,CCN1CCN(Cc2ccc(Nc3ncc(F)c(-c4cc(F)c5nc(C)n(C(C)C)c5c4)n3)nc2)CC1
DB12010,COc1cc(Nc2ncc(F)c(Nc3ccc4c(n3)N(COP(=O)(O)O)C(=O)C(C)(C)O4)n2)cc(OC)c1OC
DB12095,CCOC(=O)C(N)Cc1ccc(-c2cc(OC(c3ccc(Cl)cc3-n3ccc(C)n3)C(F)(F)F)nc(N)n2)cc1
DB12130,CC1Oc2cc(cnc2N)-c2c(nn(C)c2C#N)CN(C)C(=O)c2ccc(F)cc21
DB12141,CCc1nc(C(N)=O)c(Nc2ccc(N3CCC(N4CCN(C)CC4)CC3)c(OC)c2)nc1NC1CCOCC1
DB12161,[H]C([H])([H])Oc1cc2c(cc1OC([H])([H])[H])C1CC(=O)C(CC(C)C)CN1CC2
DB12267,COc1cc(N2CCC(N3CCN(C)CC3)CC2)ccc1Nc1ncc(Cl)c(Nc2ccccc2P(C)(C)=O)n1
DB12278,CCCOC(C(=O)OC1CCN(C)CC1)(c1ccccc1)c1ccccc1
DB12328,CC12C(=O)OC(=O)C1(C)C1CCC2O1
DB12332,CNCc1ccc(-c2[nH]c3cc(F)cc4c3c2CCNC4=O)cc1
DB12364,COc1ccc(NC(=O)c2ccc(C(=N)N(C)C)cc2)c(C(=O)Nc2ccc(Cl)cn2)c1
DB12371,CCc1cc(C(C)=NOCc2ccc(C3CCCCC3)c(C(F)(F)F)c2)ccc1CN1CC(C(=O)O)C1
DB12483,COc1c(OCCCN2CCOCC2)ccc2c1N=C(NC(=O)c1cnc(N)nc1)N1CCN=C21
DB12532,CN(C(=O)CN(CCO)CC(=O)N(C)C(C)(C)Cc1ccccc1)C(C)(C)Cc1ccccc1
DB12783,NC(CO)C(=O)NNCc1ccc(O)c(O)c1O
DB12789,CCCCCC(O)C=CC1C(O)CC(O)C1CC=CCCCC(=O)O
DB12836,CCc1nc2c(C)nc(C)cc2n1-c1ccc(CCNC(=O)NS(=O)(=O)c2ccc(C)cc2)cc1
DB12865,CC(=O)NC(CSSCC(N)C(=O)O)C(=O)NC(C)C(=O)NC(CCCNC(=N)N)C(=O)NC(CCCNC(=N)N)C(=O)NC(CCCNC(=N)N)C(=O)NC(C)C(=O)NC(CCCNC(=N)N)C(N)=O
DB13074,CC(C)(N)C(=O)NC(Cc1c[nH]c2ccccc12)C(=O)NC(Cc1c[nH]c2ccccc12)NC=O
DB13125,CCCCCCOC(C)c1cccc(-c2csc(NC(=O)c3cc(Cl)c(C=C(C)C(=O)O)c(Cl)c3)n2)c1OC
DB13139,CC(C)(C)NCC(O)c1ccc(O)c(CO)c1
DB13146,NC1(C(=O)O)CC(F)C1
DB13154,Oc1ccc(Cl)cc1
DB13155,O=c1ccc2cc(OC3OC(CO)C(O)C(O)C3O)c(O)cc2o1
DB13158,CC1CC2C3CCC4=CC(=O)C=CC4(C)C3(F)C(=O)CC2(C)C1(O)C(=O)CCl
DB13167,C=CCOc1ccc(CC(=O)O)cc1Cl
DB13170,CC(C)CC(N=C(O)C1CSSCC2N=C(O)C(CC(C)C)N=C(O)C(CCC(=O)O)N=C(O)C(N=C(O)C(CCC(=O)O)N=C(O)C(CC(=O)O)N=C(O)C(N)CC(=N)O)CSSCC(N=C(O)C(C)N=C(O)C(C(C)C)N=C(O)C(CC(=N)O)N=C(O)C(C(C)C)N=C2O)C(O)=NC(C(C)O)C(O)=NCC(O)=N1)C(=O)O
DB13179,COC1CC(OC2C(C)C(=O)OC(C)C(C)C(OC(C)=O)C(C)C(=O)C3(CO3)CC(C)C(OC3OC(C)CC(N(C)C)C3OC(C)=O)C2C)OC(C)C1OC(C)=O
DB13269,OCc1ccc(Cl)cc1Cl
DB13345,CC(C)C1(N=C(O)C2CC3c4cccc5[nH]cc(c45)CC3N(C)C2)OC2(O)C3CCCN3C(=O)C(Cc3ccccc3)N2C1=O
DB13346,CCCCOc1ccc(CC(=O)NO)cc1
DB13501,O=C(O)COc1nn(Cc2ccccc2)c2ccccc12
DB13615,CCCCCCCCCCCCCCCC(=O)OCC(COP(=O)(O)OCCNC(=O)C(C)NC(=O)CCC(NC(=O)C(C)NC(=O)C(C)OC(C(C=O)NC(C)=O)C(O)C(O)CO)C(N)=O)OC(=O)CCCCCCCCCCCCCCC
DB13720,C[N+]1(C)CCC(=C(c2ccccc2)c2ccccc2)CC1
DB13746,C=CCC1=C(C)C(OC(=O)C2C(C=C(C)C)C2(C)C)CC1=O
DB13751,CC1(C(=O)O)CCC2(C)CCC3(C)C(=CC(=O)C4C5(C)CCC(OC6OC(C(=O)O)C(O)C(O)C6OC6OC(C(=O)O)C(O)C(O)C6O)C(C)(C)C5CCC43C)C2C1
DB13783,COc1ccc2c(c1)c(CC(=O)OCC(=O)O)c(C)n2C(=O)c1ccc(Cl)cc1
DB13800,CC(=O)CCC(=O)O
DB13872,CN1C(=O)C(O)N=C(c2ccccc2Cl)c2cc(Cl)ccc21
DB13873,CC(C)(Oc1ccc(C(=O)c2ccc(Cl)cc2)cc1)C(=O)O
DB13874,CC(C)(O)CNc1nc(Nc2ccnc(C(F)(F)F)c2)nc(-c2cccc(C(F)(F)F)n2)n1
DB13925,CC(O)C(NC(=O)C1CSSCC(NC(=O)C(Cc2ccccc2)NC(=O)CN2CCN(CC(=O)O)CCN(CC(=O)O)CCN(CC(=O)O)CC2)C(=O)NC(Cc2ccc(O)cc2)C(=O)NC(Cc2c[nH]c3ccccc23)C(=O)NC(CCCCN)C(=O)NC(C(C)O)C(=O)N1)C(=O)O
DB13928,CCC(C)C(NC(=O)C(Cc1ccccc1)NC(=O)C(CCC(=O)O)NC(=O)C(CCCCNC(=O)COCCOCCNC(=O)COCCOCCNC(=O)CCC(NC(=O)CCCCCCCCCCCCCCCCC(=O)O)C(=O)O)NC(=O)C(C)NC(=O)C(C)NC(=O)C(CCC(N)=O)NC(=O)CNC(=O)C(CCC(=O)O)NC(=O)C(CC(C)C)NC(=O)C(Cc1ccc(O)cc1)NC(=O)C(CO)NC(=O)C(CO)NC(=O)C(NC(=O)C(CC(=O)O)NC(=O)C(CO)NC(=O)C(NC(=O)C(Cc1ccccc1)NC(=O)C(NC(=O)CNC(=O)C(CCC(=O)O)NC(=O)C(C)(C)NC(=O)C(N)Cc1c[nH]cn1)C(C)O)C(C)O)C(C)C)C(=O)NC(C)C(=O)NC(Cc1c[nH]c2ccccc12)C(=O)NC(CC(C)C)C(=O)NC(C(=O)NC(CCCNC(=N)N)C(=O)NCC(=O)NC(CCCNC(=N)N)C(=O)NCC(=O)O)C(C)C
DB13931,Cc1ccc(C(=O)OCc2ccc(C(CN)C(=O)Nc3ccc4cnccc4c3)cc2)c(C)c1
DB13943,CC12CCC(=O)C=C1CCC1C2CCC2(C)C(OC(=O)CCC3CCCC3)CCC12
DB13944,CCCCCCC(=O)OC1CCC2C3CCC4=CC(=O)CCC4(C)C3CCC12C
DB13946,CCCCCCCCCCC(=O)OC1CCC2C3CCC4=CC(=O)CCC4(C)C3CCC12C
DB13952,CC(=O)Oc1ccc2c(c1)CCC1C2CCC2(C)C(O)CCC12
DB13953,CC12CCC3c4ccc(OC(=O)c5ccccc5)cc4CCC3C1CCC2O
DB13954,CC12CCC3c4ccc(O)cc4CCC3C1CCC2OC(=O)CCC1CCCC1
DB13955,CCCCCCC(=O)Oc1ccc2c(c1)CCC1C2CCC2(C)C(OC(=O)CCCCCC)CCC12
DB13956,CCCCC(=O)OC1CCC2C3CCc4cc(O)ccc4C3CCC12C
DB13967,CCN(CC)c1ccc(C(=C2C=CC(=[N+](CC)CC)C=C2)c2cc(O)c(S(=O)(=O)O)cc2S(=O)(=O)O)cc1
DB13985,CC(O)C(N=C(O)C1CSSCC(N=C(O)C(Cc2ccccc2)N=C(O)CN2CCN(CC(=O)O)CCN(CC(=O)O)CCN(CC(=O)O)CC2)C(O)=NC(Cc2ccc(O)cc2)C(O)=NC(Cc2c[nH]c3ccccc23)C(O)=NC(CCCCN)C(O)=NC(C(C)O)C(O)=N1)C(=O)O
DB13995,O=C(O)CC(O)(CC(=O)O)C(=O)O
DB14001,Cc1c(C)c2c(c(C)c1OC(=O)CCC(=O)O)CCC(C)(CCCC(C)CCCC(C)CCCC(C)C)O2
DB14002,CC(=O)Oc1c(C)c(C)c2c(c1C)CCC(C)(CCCC(C)CCCC(C)CCCC(C)C)O2
DB14006,C[N+](C)(C)CCO
DB14185,CCCCCCCCCCCC(=O)OCN1C(=O)CCc2ccc(OCCCCN3CCN(c4cccc(Cl)c4Cl)CC3)cc21
DB14488,O=C(O)C(O)C(O)C(O)C(O)CO
DB14489,O=C(O)CCC(=O)O
DB14490,O=C1OC(C(O)CO)C(O)=C1O
DB14491,O=C(O)C=CC(=O)O
DB14507,O=C(O)CC(O)(CC(=O)O)C(=O)O
DB14512,CC1CC2C3CCC4=CC(=O)C=CC4(C)C3(Cl)C(O)CC2(C)C1(OC(=O)c1ccco1)C(=O)CCl
DB14520,O=C(O)CC(O)(CC(=O)O)C(=O)O
DB14528,O=C(O)C(O)C(O)C(O)C(O)CO
DB14529,O=C(O)c1cccnc1
DB14538,CCC(=O)OC1(C(=O)COC(C)=O)CCC2C3CCC4=CC(=O)CCC4(C)C3C(O)CC21C
DB14539,CC(=O)OCC(=O)C1(O)CCC2C3CCC4=CC(=O)CCC4(C)C3C(O)CC21C
DB14540,CCCC(=O)OC1(C(=O)CO)CCC2C3CCC4=CC(=O)CCC4(C)C3C(O)CC21C
DB14541,CC12CCC(=O)C=C1CCC1C2C(O)CC2(C)C1CCC2(O)C(=O)COC(=O)CCC1CCCC1
DB14542,CC12CCC(=O)C=C1CCC1C2C(O)CC2(C)C1CCC2(O)C(=O)COP(=O)(O)O
DB14543,CCCC(=O)OC1(C(=O)COC(=O)CC)CCC2C3CCC4=CC(=O)CCC4(C)C3C(O)CC21C
DB14544,CCCCC(=O)OC1(C(=O)CO)CCC2C3CCC4=CC(=O)CCC4(C)C3C(O)CC21C
DB14568,N#Cc1ccnc(N2C(=O)CCC2C(=O)N(c2cncc(F)c2)C(C(=O)NC2CC(F)(F)C2)c2ccccc2Cl)c1
DB14575,NC(=O)N1c2ccccc2CC(O)c2ccccc21
DB14639,C=CCCCCCCCCC(=O)OC1CCC2C3CCC4=CC(=O)C=CC4(C)C3CCC12C
DB14642,NCCCCC(NC(=O)C1CCCN1C(=O)C1CSSCC(N)C(=O)NC(Cc2ccc(O)cc2)C(=O)NC(Cc2ccccc2)C(=O)NC(CCC(N)=O)C(=O)NC(CC(N)=O)C(=O)N1)C(=O)NCC(N)=O
DB14723,O=C(Nc1cnn2ccc(N3CCCC3c3cc(F)ccc3F)nc12)N1CCC(O)C1
DB14754,NC(=O)OCC(N)Cc1ccccc1